{
    "Outfit_Gender": "male",
    "Outfit_Occasion": "Workplace",
    "Outfit_Style": "Simple",
    "Items": [
        {
            "Image": "10009_1348_31126594581.jpg",
            "category": [
                "Top"
            ],
            "subcategory": []
        },
        {
            "Image": "10009_9736_31504837950.jpg",
            "category": [
                "Pants"
            ],
            "subcategory": [
                "casual pants"
            ]
        },
        {
            "Image": "10009_6912_30541486638.jpg",
            "category": [
                "Shoes"
            ],
            "subcategory": [
                "formal shoes"
            ]
        }
    ]
}