{
    "Outfit_Gender": "female",
    "Outfit_Occasion": "Campus",
    "Outfit_Style": "Casual",
    "Items": [
        {
            "Image": "10000_9712_31465287787.jpg",
            "category": [
                "Top"
            ],
            "subcategory": [
                "jacket"
            ]
        },
        {
            "Image": "10000_9717_31942910318.jpg",
            "category": [
                "Pants"
            ],
            "subcategory": [
                "casual pants"
            ]
        },
        {
            "Image": "10000_6916_30454716460.jpg",
            "category": [
                "Shoes"
            ],
            "subcategory": [
                "platform shoes"
            ]
        }
    ]
}