{
    "Outfit_Gender": "male",
    "Outfit_Occasion": "Home",
    "Outfit_Style": "Simple",
    "Items": [
        {
            "Image": "10002_1350_26461480731.jpg",
            "category": [
                "Top"
            ],
            "subcategory": [
                "sweaters"
            ]
        },
        {
            "Image": "10002_9730_32136565407.jpg",
            "category": [
                "Top"
            ],
            "subcategory": [
                "jacket"
            ]
        },
        {
            "Image": "10002_9736_31416087628.jpg",
            "category": [
                "Pants"
            ],
            "subcategory": [
                "casual pants"
            ]
        }
    ]
}