{
    "Outfit_Gender": "unisex",
    "Outfit_Occasion": "Party",
    "Outfit_Style": "Simple",
    "Items": [
        {
            "Image": "10006_9734_31256419158.jpg",
            "category": [
                "Top"
            ],
            "subcategory": [
                "vests"
            ]
        },
        {
            "Image": "10006_9735_17019336108.jpg",
            "category": [
                "Pants"
            ],
            "subcategory": [
                "jeans"
            ]
        },
        {
            "Image": "10006_6908_29429343280.jpg",
            "category": [
                "Shoes"
            ],
            "subcategory": [
                "casual shoes"
            ]
        }
    ]
}