{
    "Outfit_Gender": "female",
    "Outfit_Occasion": "Dating",
    "Outfit_Style": "Sexy",
    "Items": [
        {
            "Image": "10019_1356_30903568895.jpg",
            "category": [
                "Top"
            ],
            "subcategory": [
                "sweater"
            ]
        },
        {
            "Image": "10019_9717_28223811440.jpg",
            "category": [
                "Pants"
            ],
            "subcategory": [
                "wide-leg pants"
            ]
        },
        {
            "Image": "10019_9772_29204954996.jpg",
            "category": [
                "Shoes"
            ],
            "subcategory": [
                "High heels"
            ]
        }
    ]
}