{
    "Outfit_Gender": "female",
    "Outfit_Occasion": "Dating",
    "Outfit_Style": "sweet",
    "Items": [
        {
            "Image": "10015_9719_30682709245.jpg",
            "category": [
                "Skirt"
            ],
            "subcategory": [
                "dress"
            ]
        },
        {
            "Image": "10015_5257_30536969106.jpg",
            "category": [
                "Bags"
            ],
            "subcategory": [
                "square bag"
            ]
        },
        {
            "Image": "10015_6914_29161011196.jpg",
            "category": [
                "Shoes"
            ],
            "subcategory": [
                "shoes"
            ]
        }
    ]
}