{
    "Outfit_Gender": "female",
    "Outfit_Occasion": "Workplace",
    "Outfit_Style": "Simple",
    "Items": [
        {
            "Image": "10017_9708_31058226672.jpg",
            "category": [
                "Top"
            ],
            "subcategory": [
                "windbreaker"
            ]
        },
        {
            "Image": "10017_1355_30794537955.jpg",
            "category": [
                "Top"
            ],
            "subcategory": [
                "T-shirt"
            ]
        },
        {
            "Image": "10017_9715_31058216290.jpg",
            "category": [
                "Pants"
            ],
            "subcategory": [
                "jeans"
            ]
        }
    ]
}