{
    "Outfit_Gender": "female",
    "Outfit_Occasion": "Dating",
    "Outfit_Style": "sweet",
    "Items": [
        {
            "Image": "10018_9708_30985335831.jpg",
            "category": [
                "Top"
            ],
            "subcategory": [
                "windbreaker"
            ]
        },
        {
            "Image": "10018_9720_31208938931.jpg",
            "category": [
                "Skirt"
            ],
            "subcategory": [
                "dress"
            ]
        },
        {
            "Image": "10018_6916_30933891264.jpg",
            "category": [
                "Shoes"
            ],
            "subcategory": [
                "casual shoes"
            ]
        }
    ]
}