{
    "Outfit_Gender": "female",
    "Outfit_Occasion": "Home",
    "Outfit_Style": "Casual",
    "Items": [
        {
            "Image": "10025_11999_30903830868.jpg",
            "category": [
                "Top"
            ],
            "subcategory": [
                "sweater"
            ]
        },
        {
            "Image": "10025_9717_16441049059.jpg",
            "category": [
                "Pants"
            ],
            "subcategory": [
                "wide-leg pants"
            ]
        },
        {
            "Image": "10025_6914_30392015483.jpg",
            "category": [
                "Shoes"
            ],
            "subcategory": [
                "shoes"
            ]
        }
    ]
}