{
    "Outfit_Gender": "female",
    "Outfit_Occasion": "Home",
    "Outfit_Style": "sweet",
    "Items": [
        {
            "Image": "10034_11999_30631269068.jpg",
            "category": [
                "Top"
            ],
            "subcategory": [
                "sweater"
            ]
        },
        {
            "Image": "10034_9717_25529922271.jpg",
            "category": [
                "Pants"
            ],
            "subcategory": [
                "wide-leg pants"
            ]
        },
        {
            "Image": "10034_9772_26693101830.jpg",
            "category": [
                "Shoes"
            ],
            "subcategory": [
                "shoes"
            ]
        }
    ]
}