{
    "Outfit_Gender": "female",
    "Outfit_Occasion": "Dating",
    "Outfit_Style": "fresh",
    "Items": [
        {
            "Image": "10030_1355_30384561625.jpg",
            "category": [
                "Top"
            ],
            "subcategory": [
                "sweatshirt"
            ]
        },
        {
            "Image": "10030_9717_31759602951.jpg",
            "category": [
                "Pants"
            ],
            "subcategory": [
                "overalls"
            ]
        }
    ]
}