{
    "Outfit_Gender": "male",
    "Outfit_Occasion": "Campus",
    "Outfit_Style": "Casual",
    "Items": [
        {
            "Image": "10035_1348_31782142515.jpg",
            "category": [
                "Top"
            ],
            "subcategory": []
        },
        {
            "Image": "10035_9735_31015099405.jpg",
            "category": [
                "Pants"
            ],
            "subcategory": [
                "jeans"
            ]
        }
    ]
}