{
    "Outfit_Gender": "male",
    "Outfit_Occasion": "Party",
    "Outfit_Style": "Simple",
    "Items": [
        {
            "Image": "10040_1350_32250860210.jpg",
            "category": [
                "Top"
            ],
            "subcategory": [
                "sweaters"
            ]
        },
        {
            "Image": "10040_9735_31854798526.jpg",
            "category": [
                "Pants"
            ],
            "subcategory": [
                "jeans"
            ]
        },
        {
            "Image": "10040_6908_32100843294.jpg",
            "category": [
                "Shoes"
            ],
            "subcategory": [
                "casual shoes"
            ]
        }
    ]
}