{
    "Outfit_Gender": "male",
    "Outfit_Occasion": "Travel",
    "Outfit_Style": "Simple",
    "Items": [
        {
            "Image": "10047_9732_32229323328.jpg",
            "category": [
                "Top"
            ],
            "subcategory": [
                "sweatshirt"
            ]
        },
        {
            "Image": "10047_9735_28236462521.jpg",
            "category": [
                "Pants"
            ],
            "subcategory": [
                "jeans"
            ]
        },
        {
            "Image": "10047_6906_31065935030.jpg",
            "category": [
                "Shoes"
            ],
            "subcategory": [
                "formal shoes"
            ]
        }
    ]
}