{
    "Outfit_Gender": "female",
    "Outfit_Occasion": "Travel",
    "Outfit_Style": "ethnic",
    "Items": [
        {
            "Image": "10049_9717_30905816991.jpg",
            "category": [
                "Top"
            ],
            "subcategory": [
                "wide-leg pants"
            ]
        },
        {
            "Image": "10049_1354_32402195896.jpg",
            "category": [
                "Pants"
            ],
            "subcategory": [
                "shirt"
            ]
        }
    ]
}