{
    "Outfit_Gender": "female",
    "Outfit_Occasion": "Workplace",
    "Outfit_Style": "Business",
    "Items": [
        {
            "Image": "10043_9712_30283841245.jpg",
            "category": [
                "Top"
            ],
            "subcategory": [
                "jacket"
            ]
        },
        {
            "Image": "10043_9718_30283816199.jpg",
            "category": [
                "Pants"
            ],
            "subcategory": [
                "Bell-bottom pants"
            ]
        },
        {
            "Image": "10043_9772_24680782468.jpg",
            "category": [
                "Shoes"
            ],
            "subcategory": [
                "High heels"
            ]
        }
    ]
}