{
    "Outfit_Gender": "male",
    "Outfit_Occasion": "Home",
    "Outfit_Style": "Casual",
    "Items": [
        {
            "Image": "10048_1350_32182373789.jpg",
            "category": [
                "Top"
            ],
            "subcategory": [
                "sweaters"
            ]
        },
        {
            "Image": "10048_9736_26288154198.jpg",
            "category": [
                "Pants"
            ],
            "subcategory": [
                "casual pants"
            ]
        },
        {
            "Image": "10048_6906_30647912933.jpg",
            "category": [
                "Shoes"
            ],
            "subcategory": [
                "formal shoes"
            ]
        }
    ]
}