{
    "Outfit_Gender": "female",
    "Outfit_Occasion": "Campus",
    "Outfit_Style": "retro",
    "Items": [
        {
            "Image": "10055_1354_31580405536.jpg",
            "category": [
                "Top"
            ],
            "subcategory": [
                "shirt"
            ]
        },
        {
            "Image": "10055_9717_31581087374.jpg",
            "category": [
                "Pants"
            ],
            "subcategory": [
                "overalls"
            ]
        }
    ]
}