{
    "Outfit_Gender": "male",
    "Outfit_Occasion": "Dating",
    "Outfit_Style": "Simple",
    "Items": [
        {
            "Image": "10053_9732_30306431596.jpg",
            "category": [
                "Top"
            ],
            "subcategory": [
                "sweatshirt"
            ]
        },
        {
            "Image": "10053_9735_31504830017.jpg",
            "category": [
                "Pants"
            ],
            "subcategory": [
                "jeans"
            ]
        },
        {
            "Image": "10053_6908_25466211446.jpg",
            "category": [
                "Shoes"
            ],
            "subcategory": [
                "casual shoes"
            ]
        }
    ]
}