{
    "Outfit_Gender": "female",
    "Outfit_Occasion": "Campus",
    "Outfit_Style": "college",
    "Items": [
        {
            "Image": "10050_9710_31769680220.jpg",
            "category": [
                "Top"
            ],
            "subcategory": [
                "sweatshirt"
            ]
        },
        {
            "Image": "10050_9717_31905649455.jpg",
            "category": [
                "Pants"
            ],
            "subcategory": [
                "casual pants"
            ]
        },
        {
            "Image": "10050_6916_30412999787.jpg",
            "category": [
                "Shoes"
            ],
            "subcategory": [
                "casual shoes"
            ]
        }
    ]
}