{
    "Outfit_Gender": "female",
    "Outfit_Occasion": "Sports",
    "Outfit_Style": "Casual",
    "Items": [
        {
            "Image": "10058_9710_31906105610.jpg",
            "category": [
                "Pants"
            ],
            "subcategory": [
                "suit"
            ]
        },
        {
            "Image": "10058_5257_30680066836.jpg",
            "category": [
                "Bags"
            ],
            "subcategory": [
                "square bag"
            ]
        },
        {
            "Image": "10058_6916_29492305943.jpg",
            "category": [
                "Shoes"
            ],
            "subcategory": [
                "casual shoes"
            ]
        }
    ]
}