{
    "Outfit_Gender": "female",
    "Outfit_Occasion": "Travel",
    "Outfit_Style": "Casual",
    "Items": [
        {
            "Image": "10061_9708_31906036669.jpg",
            "category": [
                "Top"
            ],
            "subcategory": [
                "jacket"
            ]
        },
        {
            "Image": "10061_11999_30027808745.jpg",
            "category": [
                "Top"
            ],
            "subcategory": [
                "sweater"
            ]
        },
        {
            "Image": "10061_9717_30628709466.jpg",
            "category": [
                "Pants"
            ],
            "subcategory": [
                "casual pants"
            ]
        }
    ]
}