{
    "Outfit_Gender": "female",
    "Outfit_Occasion": "Workplace",
    "Outfit_Style": "Simple",
    "Items": [
        {
            "Image": "10065_9706_32461957037.jpg",
            "category": [
                "Top"
            ],
            "subcategory": [
                "coat"
            ]
        },
        {
            "Image": "10065_9710_31328156718.jpg",
            "category": [
                "Top"
            ],
            "subcategory": [
                "sweatshirt"
            ]
        },
        {
            "Image": "10065_9717_31943831707.jpg",
            "category": [
                "Pants"
            ],
            "subcategory": [
                "casual pants"
            ]
        }
    ]
}