{
    "Outfit_Gender": "female",
    "Outfit_Occasion": "Dating",
    "Outfit_Style": "sweet",
    "Items": [
        {
            "Image": "10069_9719_32102562865.jpg",
            "category": [
                "Skirt"
            ],
            "subcategory": [
                "dress"
            ]
        },
        {
            "Image": "10069_5257_30678177067.jpg",
            "category": [
                "Bags"
            ],
            "subcategory": [
                "handbag"
            ]
        },
        {
            "Image": "10069_6914_30413001450.jpg",
            "category": [
                "Shoes"
            ],
            "subcategory": [
                "shoes"
            ]
        }
    ]
}