{
    "Outfit_Gender": "female",
    "Outfit_Occasion": "Workplace",
    "Outfit_Style": "Elegant",
    "Items": [
        {
            "Image": "10064_1354_32057636066.jpg",
            "category": [
                "Top"
            ],
            "subcategory": [
                "shirt"
            ]
        },
        {
            "Image": "10064_9720_31648818115.jpg",
            "category": [
                "Top"
            ],
            "subcategory": [
                "skirt"
            ]
        },
        {
            "Image": "10064_9772_11523350419.jpg",
            "category": [
                "Shoes"
            ],
            "subcategory": [
                "High heels"
            ]
        }
    ]
}