{
    "Outfit_Gender": "female",
    "Outfit_Occasion": "Dating",
    "Outfit_Style": "retro",
    "Items": [
        {
            "Image": "10072_1354_32067412232.jpg",
            "category": [
                "Top"
            ],
            "subcategory": [
                "shirt"
            ]
        },
        {
            "Image": "10072_9717_32067144656.jpg",
            "category": [
                "Pants"
            ],
            "subcategory": [
                "casual pants"
            ]
        },
        {
            "Image": "10072_9772_29204954996.jpg",
            "category": [
                "Shoes"
            ],
            "subcategory": [
                "High heels"
            ]
        }
    ]
}