{
    "Outfit_Gender": "male",
    "Outfit_Occasion": "Campus",
    "Outfit_Style": "Casual",
    "Items": [
        {
            "Image": "10076_1348_31472223842.jpg",
            "category": [
                "Top"
            ],
            "subcategory": []
        },
        {
            "Image": "10076_9735_31015099405.jpg",
            "category": [
                "Pants"
            ],
            "subcategory": [
                "jeans"
            ]
        },
        {
            "Image": "10076_6908_32249379487.jpg",
            "category": [
                "Shoes"
            ],
            "subcategory": [
                "sports shoes"
            ]
        }
    ]
}