{
    "Outfit_Gender": "male",
    "Outfit_Occasion": "Campus",
    "Outfit_Style": "Casual",
    "Items": [
        {
            "Image": "10075_9730_31471174422.jpg",
            "category": [
                "Top"
            ],
            "subcategory": [
                "jacket"
            ]
        },
        {
            "Image": "10075_9736_31468910506.jpg",
            "category": [
                "Pants"
            ],
            "subcategory": [
                "casual pants"
            ]
        },
        {
            "Image": "10075_6908_29636838942.jpg",
            "category": [
                "Shoes"
            ],
            "subcategory": [
                "sneakers"
            ]
        }
    ]
}