{
    "Outfit_Gender": "female",
    "Outfit_Occasion": "Workplace",
    "Outfit_Style": "Business",
    "Items": [
        {
            "Image": "10085_1356_31014074929.jpg",
            "category": [
                "Top"
            ],
            "subcategory": [
                "bottoming shirt"
            ]
        },
        {
            "Image": "10085_9720_31471012188.jpg",
            "category": [
                "Skirt"
            ],
            "subcategory": [
                "skirt"
            ]
        },
        {
            "Image": "10085_9772_23787831301.jpg",
            "category": [
                "Shoes"
            ],
            "subcategory": [
                "High heels"
            ]
        }
    ]
}