{
    "Outfit_Gender": "female",
    "Outfit_Occasion": "Party",
    "Outfit_Style": "Sexy",
    "Items": [
        {
            "Image": "10082_9719_24269497285.jpg",
            "category": [
                "Skirt"
            ],
            "subcategory": [
                "dress"
            ]
        },
        {
            "Image": "10082_5257_30672712418.jpg",
            "category": [
                "Bags"
            ],
            "subcategory": [
                "Bucket bag"
            ]
        },
        {
            "Image": "10082_9772_25356655063.jpg",
            "category": [
                "Shoes"
            ],
            "subcategory": [
                "High heels"
            ]
        }
    ]
}