{
    "Outfit_Gender": "female",
    "Outfit_Occasion": "Party",
    "Outfit_Style": "Casual",
    "Items": [
        {
            "Image": "10088_1356_32361509191.jpg",
            "category": [
                "Top"
            ],
            "subcategory": [
                "cardigan"
            ]
        },
        {
            "Image": "10088_11988_32361531406.jpg",
            "category": [
                "Top"
            ],
            "subcategory": [
                "vest"
            ]
        },
        {
            "Image": "10088_9717_30822136529.jpg",
            "category": [
                "Pants"
            ],
            "subcategory": [
                "wide-leg pants"
            ]
        }
    ]
}