{
    "Outfit_Gender": "female",
    "Outfit_Occasion": "Travel",
    "Outfit_Style": "Artistic",
    "Items": [
        {
            "Image": "10091_1355_31346240702.jpg",
            "category": [
                "Top"
            ],
            "subcategory": [
                "T-shirt"
            ]
        },
        {
            "Image": "10091_9715_30893748677.jpg",
            "category": [
                "Pants"
            ],
            "subcategory": [
                "jeans"
            ]
        },
        {
            "Image": "10091_6916_30648399207.jpg",
            "category": [
                "Shoes"
            ],
            "subcategory": [
                "casual shoes"
            ]
        }
    ]
}