{
    "Outfit_Gender": "female",
    "Outfit_Occasion": "Dating",
    "Outfit_Style": "sweet",
    "Items": [
        {
            "Image": "10099_9719_29283338583.jpg",
            "category": [
                "Skirt"
            ],
            "subcategory": [
                "dress"
            ]
        },
        {
            "Image": "10099_5257_31182085884.jpg",
            "category": [
                "Bags"
            ],
            "subcategory": [
                "square bag"
            ]
        },
        {
            "Image": "10099_6914_31501311816.jpg",
            "category": [
                "Shoes"
            ],
            "subcategory": [
                "shoes"
            ]
        }
    ]
}