{
    "Outfit_Gender": "female",
    "Outfit_Occasion": "Workplace",
    "Outfit_Style": "Business",
    "Items": [
        {
            "Image": "10098_1354_32214654217.jpg",
            "category": [
                "Top"
            ],
            "subcategory": [
                "shirt"
            ]
        },
        {
            "Image": "10098_9717_32214642926.jpg",
            "category": [
                "Skirt"
            ],
            "subcategory": [
                "casual pants"
            ]
        },
        {
            "Image": "10098_9772_30688740020.jpg",
            "category": [
                "Shoes"
            ],
            "subcategory": [
                "High heels"
            ]
        }
    ]
}