{
    "Outfit_Gender": "female",
    "Outfit_Occasion": "Workplace",
    "Outfit_Style": "Simple",
    "Items": [
        {
            "Image": "10102_9712_31943817493.jpg",
            "category": [
                "Top"
            ],
            "subcategory": [
                "jacket"
            ]
        },
        {
            "Image": "10102_1355_30411643429.jpg",
            "category": [
                "Top"
            ],
            "subcategory": [
                "T-shirt"
            ]
        },
        {
            "Image": "10102_9715_30386211455.jpg",
            "category": [
                "Pants"
            ],
            "subcategory": [
                "Bell-bottom pants"
            ]
        }
    ]
}