{
    "Outfit_Gender": "female",
    "Outfit_Occasion": "Dating",
    "Outfit_Style": "Elegant",
    "Items": [
        {
            "Image": "10105_9719_31383441102.jpg",
            "category": [
                "Skirt"
            ],
            "subcategory": [
                "dress"
            ]
        },
        {
            "Image": "10105_5256_27035793782.jpg",
            "category": [
                "Bags"
            ],
            "subcategory": [
                "Wallet"
            ]
        },
        {
            "Image": "10105_6914_30804209287.jpg",
            "category": [
                "Shoes"
            ],
            "subcategory": [
                "shoes"
            ]
        }
    ]
}