{
    "Outfit_Gender": "female",
    "Outfit_Occasion": "Travel",
    "Outfit_Style": "fresh",
    "Items": [
        {
            "Image": "10106_9719_31162283942.jpg",
            "category": [
                "Skirt"
            ],
            "subcategory": [
                "dress"
            ]
        },
        {
            "Image": "10106_5262_24816550033.jpg",
            "category": [
                "Bags"
            ],
            "subcategory": [
                "hand bag"
            ]
        },
        {
            "Image": "10106_6916_32902813178.jpg",
            "category": [
                "Shoes"
            ],
            "subcategory": [
                "casual shoes"
            ]
        }
    ]
}