{
    "Outfit_Gender": "male",
    "Outfit_Occasion": "Wedding",
    "Outfit_Style": "British",
    "Items": [
        {
            "Image": "10108_9731_32470339035.jpg",
            "category": [
                "Top"
            ],
            "subcategory": [
                "suits"
            ]
        },
        {
            "Image": "10108_9734_32449970272.jpg",
            "category": [
                "Top"
            ],
            "subcategory": [
                "vests"
            ]
        },
        {
            "Image": "10108_9737_32520109259.jpg",
            "category": [
                "Pants"
            ],
            "subcategory": [
                "dress pants"
            ]
        }
    ]
}