{
    "Outfit_Gender": "female",
    "Outfit_Occasion": "Workplace",
    "Outfit_Style": "Business",
    "Items": [
        {
            "Image": "10109_9711_31580281521.jpg",
            "category": [
                "Top"
            ],
            "subcategory": [
                "suit"
            ]
        },
        {
            "Image": "10109_1356_31580920279.jpg",
            "category": [
                "Top"
            ],
            "subcategory": [
                "bottoming shirt"
            ]
        },
        {
            "Image": "10109_6916_28891729149.jpg",
            "category": [
                "Shoes"
            ],
            "subcategory": [
                "casual shoes"
            ]
        }
    ]
}