{
    "Outfit_Gender": "female",
    "Outfit_Occasion": "Dating",
    "Outfit_Style": "Casual",
    "Items": [
        {
            "Image": "10114_9712_32159379389.jpg",
            "category": [
                "Top"
            ],
            "subcategory": [
                "jacket"
            ]
        },
        {
            "Image": "10114_1355_28515060257.jpg",
            "category": [
                "Top"
            ],
            "subcategory": [
                "T-shirt"
            ]
        },
        {
            "Image": "10114_9720_31928208542.jpg",
            "category": [
                "Skirt"
            ],
            "subcategory": [
                "skirt"
            ]
        }
    ]
}