{
    "Outfit_Gender": "male",
    "Outfit_Occasion": "Campus",
    "Outfit_Style": "Casual",
    "Items": [
        {
            "Image": "10116_1348_31472551295.jpg",
            "category": [
                "Top"
            ],
            "subcategory": []
        },
        {
            "Image": "10116_9736_31470324584.jpg",
            "category": [
                "Pants"
            ],
            "subcategory": [
                "casual pants"
            ]
        }
    ]
}