{
    "Outfit_Gender": "female",
    "Outfit_Occasion": "Party",
    "Outfit_Style": "Elegant",
    "Items": [
        {
            "Image": "10111_9719_31162282346.jpg",
            "category": [
                "Skirt"
            ],
            "subcategory": [
                "dress"
            ]
        },
        {
            "Image": "10111_5256_28315325270.jpg",
            "category": [
                "Bags"
            ],
            "subcategory": [
                "Wallet"
            ]
        },
        {
            "Image": "10111_6914_29704042607.jpg",
            "category": [
                "Shoes"
            ],
            "subcategory": [
                "shoes"
            ]
        }
    ]
}