{
    "Outfit_Gender": "female",
    "Outfit_Occasion": "Dating",
    "Outfit_Style": "Elegant",
    "Items": [
        {
            "Image": "10112_9719_30965062508.jpg",
            "category": [
                "Skirt"
            ],
            "subcategory": [
                "dress"
            ]
        },
        {
            "Image": "10112_5257_25282950923.jpg",
            "category": [
                "Bags"
            ],
            "subcategory": [
                "handbag"
            ]
        },
        {
            "Image": "10112_6914_30413018624.jpg",
            "category": [
                "Shoes"
            ],
            "subcategory": [
                "shoes"
            ]
        }
    ]
}