{
    "Outfit_Gender": "male",
    "Outfit_Occasion": "Workplace",
    "Outfit_Style": "Simple",
    "Items": [
        {
            "Image": "10119_9731_32470611024.jpg",
            "category": [
                "Top"
            ],
            "subcategory": [
                "suits"
            ]
        },
        {
            "Image": "10119_9734_32451892045.jpg",
            "category": [
                "Top"
            ],
            "subcategory": [
                "vests"
            ]
        },
        {
            "Image": "10119_9737_32520571351.jpg",
            "category": [
                "Pants"
            ],
            "subcategory": [
                "dress pants"
            ]
        }
    ]
}