{
    "Outfit_Gender": "male",
    "Outfit_Occasion": "Campus",
    "Outfit_Style": "college",
    "Items": [
        {
            "Image": "10123_9736_28665095975.jpg",
            "category": [
                "Pants"
            ],
            "subcategory": [
                "casual pants"
            ]
        },
        {
            "Image": "10123_1349_29218860780.jpg",
            "category": [
                "Top"
            ],
            "subcategory": [
                "T-shirt"
            ]
        },
        {
            "Image": "10123_6908_30771792168.jpg",
            "category": [
                "Shoes"
            ],
            "subcategory": [
                "canvas shoes"
            ]
        }
    ]
}