{
    "Outfit_Gender": "female",
    "Outfit_Occasion": "Dating",
    "Outfit_Style": "Casual",
    "Items": [
        {
            "Image": "10128_1356_30962662756.jpg",
            "category": [
                "Top"
            ],
            "subcategory": [
                "sweater"
            ]
        },
        {
            "Image": "10128_9715_30962656600.jpg",
            "category": [
                "Pants"
            ],
            "subcategory": [
                "jeans"
            ]
        },
        {
            "Image": "10128_6916_30804567757.jpg",
            "category": [
                "Shoes"
            ],
            "subcategory": [
                "platform shoes"
            ]
        }
    ]
}