{
    "Outfit_Gender": "male",
    "Outfit_Occasion": "Sports",
    "Outfit_Style": "Hip-hop",
    "Items": [
        {
            "Image": "10124_9732_31888799173.jpg",
            "category": [
                "Top"
            ],
            "subcategory": [
                "sweatshirt"
            ]
        },
        {
            "Image": "10124_9735_32245320080.jpg",
            "category": [
                "Pants"
            ],
            "subcategory": [
                "jeans"
            ]
        },
        {
            "Image": "10124_6908_30943496835.jpg",
            "category": [
                "Shoes"
            ],
            "subcategory": [
                "casual shoes"
            ]
        }
    ]
}