{
    "Outfit_Gender": "female",
    "Outfit_Occasion": "Party",
    "Outfit_Style": "Casual",
    "Items": [
        {
            "Image": "10129_9708_29880200407.jpg",
            "category": [
                "Top"
            ],
            "subcategory": [
                "windbreaker"
            ]
        },
        {
            "Image": "10129_1354_29700163748.jpg",
            "category": [
                "Top"
            ],
            "subcategory": [
                "sweater"
            ]
        },
        {
            "Image": "10129_9719_29670431242.jpg",
            "category": [
                "Skirt"
            ],
            "subcategory": [
                "dress"
            ]
        }
    ]
}