{
    "Outfit_Gender": "female",
    "Outfit_Occasion": "Workplace",
    "Outfit_Style": "Simple",
    "Items": [
        {
            "Image": "10120_9714_30794496661.jpg",
            "category": [
                "Top"
            ],
            "subcategory": [
                "vest"
            ]
        },
        {
            "Image": "10120_1355_30794537955.jpg",
            "category": [
                "Top"
            ],
            "subcategory": [
                "T-shirt"
            ]
        },
        {
            "Image": "10120_9717_30794505290.jpg",
            "category": [
                "Pants"
            ],
            "subcategory": [
                "casual pants"
            ]
        }
    ]
}