{
    "Outfit_Gender": "male",
    "Outfit_Occasion": "Home",
    "Outfit_Style": "Simple",
    "Items": [
        {
            "Image": "10121_1349_31888847207.jpg",
            "category": [
                "Top"
            ],
            "subcategory": [
                "T-shirt"
            ]
        },
        {
            "Image": "10121_9736_32246559906.jpg",
            "category": [
                "Pants"
            ],
            "subcategory": [
                "casual pants"
            ]
        },
        {
            "Image": "10121_6908_30794022742.jpg",
            "category": [
                "Shoes"
            ],
            "subcategory": [
                "casual shoes"
            ]
        }
    ]
}