{
    "Outfit_Gender": "female",
    "Outfit_Occasion": "Party",
    "Outfit_Style": "socialite",
    "Items": [
        {
            "Image": "10136_9719_31058223275.jpg",
            "category": [
                "Skirt"
            ],
            "subcategory": [
                "dress"
            ]
        },
        {
            "Image": "10136_5257_30002066348.jpg",
            "category": [
                "Bags"
            ],
            "subcategory": [
                "square bag"
            ]
        },
        {
            "Image": "10136_6916_30826721403.jpg",
            "category": [
                "Shoes"
            ],
            "subcategory": [
                "Bean shoes"
            ]
        }
    ]
}