{
    "Outfit_Gender": "male",
    "Outfit_Occasion": "Dating",
    "Outfit_Style": "Elegant",
    "Items": [
        {
            "Image": "10148_9729_32524426524.jpg",
            "category": [
                "Top"
            ],
            "subcategory": [
                "coat"
            ]
        },
        {
            "Image": "10148_12089_31556813690.jpg",
            "category": [
                "Top"
            ],
            "subcategory": [
                "sweaters"
            ]
        },
        {
            "Image": "10148_9735_31676305053.jpg",
            "category": [
                "Pants"
            ],
            "subcategory": [
                "jeans"
            ]
        }
    ]
}