{
    "Outfit_Gender": "female",
    "Outfit_Occasion": "Workplace",
    "Outfit_Style": "sweet",
    "Items": [
        {
            "Image": "10152_1356_30017514157.jpg",
            "category": [
                "Top"
            ],
            "subcategory": [
                "cardigan"
            ]
        },
        {
            "Image": "10152_1356_29961792804.jpg",
            "category": [
                "Top"
            ],
            "subcategory": [
                "sweater"
            ]
        },
        {
            "Image": "10152_9720_29881075946.jpg",
            "category": [
                "Skirt"
            ],
            "subcategory": [
                "skirt"
            ]
        }
    ]
}