{
    "Outfit_Gender": "female",
    "Outfit_Occasion": "Dating",
    "Outfit_Style": "sweet",
    "Items": [
        {
            "Image": "10155_1356_30059436910.jpg",
            "category": [
                "Top"
            ],
            "subcategory": [
                "cardigan"
            ]
        },
        {
            "Image": "10155_1354_29698624729.jpg",
            "category": [
                "Top"
            ],
            "subcategory": [
                "shirt"
            ]
        },
        {
            "Image": "10155_9720_30504012288.jpg",
            "category": [
                "Skirt"
            ],
            "subcategory": [
                "skirt"
            ]
        }
    ]
}