{
    "Outfit_Gender": "female",
    "Outfit_Occasion": "Dating",
    "Outfit_Style": "Simple",
    "Items": [
        {
            "Image": "10151_9706_32106301229.jpg",
            "category": [
                "Top"
            ],
            "subcategory": [
                "coat"
            ]
        },
        {
            "Image": "10151_9719_30828709465.jpg",
            "category": [
                "Skirt"
            ],
            "subcategory": [
                "dress"
            ]
        },
        {
            "Image": "10151_9772_28891644650.jpg",
            "category": [
                "Shoes"
            ],
            "subcategory": [
                "High heels"
            ]
        }
    ]
}