{
    "Outfit_Gender": "female",
    "Outfit_Occasion": "Workplace",
    "Outfit_Style": "Business",
    "Items": [
        {
            "Image": "10164_9719_22861610680.jpg",
            "category": [
                "Skirt"
            ],
            "subcategory": [
                "dress"
            ]
        },
        {
            "Image": "10164_5257_30131936755.jpg",
            "category": [
                "Bags"
            ],
            "subcategory": [
                "square bag"
            ]
        },
        {
            "Image": "10164_9772_16276065545.jpg",
            "category": [
                "Shoes"
            ],
            "subcategory": [
                "High heels"
            ]
        }
    ]
}