{
    "Outfit_Gender": "female",
    "Outfit_Occasion": "Party",
    "Outfit_Style": "fresh",
    "Items": [
        {
            "Image": "10166_9708_31842789823.jpg",
            "category": [
                "Skirt"
            ],
            "subcategory": [
                "jacket"
            ]
        },
        {
            "Image": "10166_5259_29459526192.jpg",
            "category": [
                "Bags"
            ],
            "subcategory": [
                "handbag"
            ]
        },
        {
            "Image": "10166_9772_30156854345.jpg",
            "category": [
                "Shoes"
            ],
            "subcategory": [
                "shoes"
            ]
        }
    ]
}