{
    "Outfit_Gender": "female",
    "Outfit_Occasion": "Workplace",
    "Outfit_Style": "Business",
    "Items": [
        {
            "Image": "10172_9719_30925510796.jpg",
            "category": [
                "Skirt"
            ],
            "subcategory": [
                "dress"
            ]
        },
        {
            "Image": "10172_9708_30925705242.jpg",
            "category": [
                "Top"
            ],
            "subcategory": [
                "jacket"
            ]
        }
    ]
}