{
    "Outfit_Gender": "female",
    "Outfit_Occasion": "Dating",
    "Outfit_Style": "Elegant",
    "Items": [
        {
            "Image": "10170_11999_32157558373.jpg",
            "category": [
                "Top"
            ],
            "subcategory": [
                "cardigan"
            ]
        },
        {
            "Image": "10170_1354_32157564022.jpg",
            "category": [
                "Top"
            ],
            "subcategory": [
                "shirt"
            ]
        },
        {
            "Image": "10170_6914_32398597187.jpg",
            "category": [
                "Shoes"
            ],
            "subcategory": [
                "shoes"
            ]
        }
    ]
}