{
    "Outfit_Gender": "female",
    "Outfit_Occasion": "Workplace",
    "Outfit_Style": "Business",
    "Items": [
        {
            "Image": "10187_9713_29540518855.jpg",
            "category": [
                "Top"
            ],
            "subcategory": [
                "chiffon shirt"
            ]
        },
        {
            "Image": "10187_9717_29703856045.jpg",
            "category": [
                "Pants"
            ],
            "subcategory": [
                "wide-leg pants"
            ]
        },
        {
            "Image": "10187_9772_24437292220.jpg",
            "category": [
                "Shoes"
            ],
            "subcategory": [
                "Sandals"
            ]
        }
    ]
}