{
    "Outfit_Gender": "female",
    "Outfit_Occasion": "Dating",
    "Outfit_Style": "sweet",
    "Items": [
        {
            "Image": "10185_9706_31216598849.jpg",
            "category": [
                "Top"
            ],
            "subcategory": [
                "coat"
            ]
        },
        {
            "Image": "10185_9719_31217275769.jpg",
            "category": [
                "Skirt"
            ],
            "subcategory": [
                "dress"
            ]
        },
        {
            "Image": "10185_6914_25514895901.jpg",
            "category": [
                "Shoes"
            ],
            "subcategory": [
                "shoes"
            ]
        }
    ]
}