{
    "Outfit_Gender": "female",
    "Outfit_Occasion": "Workplace",
    "Outfit_Style": "Business",
    "Items": [
        {
            "Image": "10198_9711_24146646568.jpg",
            "category": [
                "Top"
            ],
            "subcategory": [
                "suit"
            ]
        },
        {
            "Image": "10198_1354_25396831130.jpg",
            "category": [
                "Top"
            ],
            "subcategory": [
                "shirt"
            ]
        },
        {
            "Image": "10198_9717_23479517652.jpg",
            "category": [
                "Pants"
            ],
            "subcategory": [
                "casual pants"
            ]
        }
    ]
}