{
    "Outfit_Gender": "female",
    "Outfit_Occasion": "Dating",
    "Outfit_Style": "Casual",
    "Items": [
        {
            "Image": "10201_9713_30962310809.jpg",
            "category": [
                "Top"
            ],
            "subcategory": [
                "shirt"
            ]
        },
        {
            "Image": "10201_9720_30962306908.jpg",
            "category": [
                "Skirt"
            ],
            "subcategory": [
                "skirt"
            ]
        },
        {
            "Image": "10201_6917_24147949224.jpg",
            "category": [
                "Shoes"
            ],
            "subcategory": [
                "Sandals"
            ]
        }
    ]
}