{
    "Outfit_Gender": "female",
    "Outfit_Occasion": "Workplace",
    "Outfit_Style": "Simple",
    "Items": [
        {
            "Image": "10206_9712_31800673407.jpg",
            "category": [
                "Top"
            ],
            "subcategory": [
                "jacket"
            ]
        },
        {
            "Image": "10206_9717_31800671761.jpg",
            "category": [
                "Pants"
            ],
            "subcategory": [
                "casual pants"
            ]
        },
        {
            "Image": "10206_1354_30962306913.jpg",
            "category": [
                "Top"
            ],
            "subcategory": [
                "shirt"
            ]
        }
    ]
}