{
    "Outfit_Gender": "female",
    "Outfit_Occasion": "Workplace",
    "Outfit_Style": "Business",
    "Items": [
        {
            "Image": "10202_9712_31219412109.jpg",
            "category": [
                "Top"
            ],
            "subcategory": [
                "suit"
            ]
        },
        {
            "Image": "10202_9715_31814580933.jpg",
            "category": [
                "Pants"
            ],
            "subcategory": [
                "jeans"
            ]
        },
        {
            "Image": "10202_9772_25703714021.jpg",
            "category": [
                "Shoes"
            ],
            "subcategory": [
                "High heels"
            ]
        }
    ]
}