{
    "Outfit_Gender": "female",
    "Outfit_Occasion": "Workplace",
    "Outfit_Style": "Business",
    "Items": [
        {
            "Image": "10204_1354_32208691924.jpg",
            "category": [
                "Top"
            ],
            "subcategory": [
                "chiffon shirt"
            ]
        },
        {
            "Image": "10204_9717_32208668988.jpg",
            "category": [
                "Pants"
            ],
            "subcategory": [
                "casual pants"
            ]
        },
        {
            "Image": "10204_9772_24619108700.jpg",
            "category": [
                "Shoes"
            ],
            "subcategory": [
                "High heels"
            ]
        }
    ]
}