{
    "Outfit_Gender": "female",
    "Outfit_Occasion": "Workplace",
    "Outfit_Style": "Business",
    "Items": [
        {
            "Image": "10210_1354_32289867047.jpg",
            "category": [
                "Top"
            ],
            "subcategory": [
                "shirt"
            ]
        },
        {
            "Image": "10210_9719_32274000321.jpg",
            "category": [
                "Skirt"
            ],
            "subcategory": [
                "dress"
            ]
        }
    ]
}