{
    "Outfit_Gender": "female",
    "Outfit_Occasion": "Travel",
    "Outfit_Style": "Casual",
    "Items": [
        {
            "Image": "10216_9710_32206178782.jpg",
            "category": [
                "Top"
            ],
            "subcategory": [
                "sweatshirt"
            ]
        },
        {
            "Image": "10216_9720_32206206437.jpg",
            "category": [
                "Skirt"
            ],
            "subcategory": [
                "skirt"
            ]
        },
        {
            "Image": "10216_9772_23775236267.jpg",
            "category": [
                "Shoes"
            ],
            "subcategory": [
                "High heels"
            ]
        }
    ]
}