{
    "Outfit_Gender": "female",
    "Outfit_Occasion": "Workplace",
    "Outfit_Style": "Business",
    "Items": [
        {
            "Image": "10214_1355_32208701859.jpg",
            "category": [
                "Top"
            ],
            "subcategory": [
                "sweater"
            ]
        },
        {
            "Image": "10214_9717_32208668336.jpg",
            "category": [
                "Pants"
            ],
            "subcategory": [
                "wide-leg pants"
            ]
        },
        {
            "Image": "10214_9772_25467922664.jpg",
            "category": [
                "Shoes"
            ],
            "subcategory": [
                "High heels"
            ]
        }
    ]
}