{
    "Outfit_Gender": "female",
    "Outfit_Occasion": "Workplace",
    "Outfit_Style": "Business",
    "Items": [
        {
            "Image": "10221_1354_32289867048.jpg",
            "category": [
                "Top"
            ],
            "subcategory": [
                "shirt"
            ]
        },
        {
            "Image": "10221_9719_32274004573.jpg",
            "category": [
                "Skirt"
            ],
            "subcategory": [
                "dress"
            ]
        }
    ]
}