{
    "Outfit_Gender": "male",
    "Outfit_Occasion": "Party",
    "Outfit_Style": "Simple",
    "Items": [
        {
            "Image": "10220_9732_25641718901.jpg",
            "category": [
                "Top"
            ],
            "subcategory": [
                "sweatshirt"
            ]
        },
        {
            "Image": "10220_9736_31542585678.jpg",
            "category": [
                "Pants"
            ],
            "subcategory": [
                "casual pants"
            ]
        },
        {
            "Image": "10220_6908_30964089522.jpg",
            "category": [
                "Shoes"
            ],
            "subcategory": [
                "casual shoes"
            ]
        }
    ]
}