{
    "Outfit_Gender": "male",
    "Outfit_Occasion": "Travel",
    "Outfit_Style": "punk",
    "Items": [
        {
            "Image": "10235_9730_32341274120.jpg",
            "category": [
                "Top"
            ],
            "subcategory": [
                "jacket"
            ]
        },
        {
            "Image": "10235_9735_31916776291.jpg",
            "category": [
                "Pants"
            ],
            "subcategory": [
                "jeans"
            ]
        },
        {
            "Image": "10235_6908_30771792170.jpg",
            "category": [
                "Shoes"
            ],
            "subcategory": [
                "canvas shoes"
            ]
        }
    ]
}