{
    "Outfit_Gender": "female",
    "Outfit_Occasion": "Dating",
    "Outfit_Style": "Elegant",
    "Items": [
        {
            "Image": "10238_9719_25460199221.jpg",
            "category": [
                "Skirt"
            ],
            "subcategory": [
                "dress"
            ]
        },
        {
            "Image": "10238_5257_28009847698.jpg",
            "category": [
                "Bags"
            ],
            "subcategory": [
                "square bag"
            ]
        },
        {
            "Image": "10238_9772_22061220270.jpg",
            "category": [
                "Shoes"
            ],
            "subcategory": [
                "High heels"
            ]
        }
    ]
}