{
    "Outfit_Gender": "female",
    "Outfit_Occasion": "Sports",
    "Outfit_Style": "Simple",
    "Items": [
        {
            "Image": "10239_9710_16839653916.jpg",
            "category": [
                "Top"
            ],
            "subcategory": [
                "sweatshirt"
            ]
        },
        {
            "Image": "10239_9717_25417942138.jpg",
            "category": [
                "Pants"
            ],
            "subcategory": [
                "sweatpants"
            ]
        },
        {
            "Image": "10239_6916_32634698404.jpg",
            "category": [
                "Shoes"
            ],
            "subcategory": [
                "casual shoes"
            ]
        }
    ]
}