{
    "Outfit_Gender": "female",
    "Outfit_Occasion": "Dating",
    "Outfit_Style": "socialite",
    "Items": [
        {
            "Image": "10233_9708_32658187277.jpg",
            "category": [
                "Top"
            ],
            "subcategory": [
                "jacket"
            ]
        },
        {
            "Image": "10233_9717_27873552383.jpg",
            "category": [
                "Pants"
            ],
            "subcategory": [
                "Bell-bottom pants"
            ]
        },
        {
            "Image": "10233_9772_11523350419.jpg",
            "category": [
                "Shoes"
            ],
            "subcategory": [
                "High heels"
            ]
        }
    ]
}