{
    "Outfit_Gender": "female",
    "Outfit_Occasion": "Workplace",
    "Outfit_Style": "Business",
    "Items": [
        {
            "Image": "10248_9711_32122257757.jpg",
            "category": [
                "Top"
            ],
            "subcategory": [
                "suit"
            ]
        },
        {
            "Image": "10248_1354_30795289705.jpg",
            "category": [
                "Top"
            ],
            "subcategory": [
                "shirt"
            ]
        },
        {
            "Image": "10248_9717_15271858652.jpg",
            "category": [
                "Pants"
            ],
            "subcategory": [
                "Bell-bottom pants"
            ]
        }
    ]
}