{
    "Outfit_Gender": "female",
    "Outfit_Occasion": "Travel",
    "Outfit_Style": "Casual",
    "Items": [
        {
            "Image": "10249_9712_31009189258.jpg",
            "category": [
                "Top"
            ],
            "subcategory": [
                "jacket"
            ]
        },
        {
            "Image": "10249_11988_27550362403.jpg",
            "category": [
                "Top"
            ],
            "subcategory": [
                "vest"
            ]
        },
        {
            "Image": "10249_9715_31009185567.jpg",
            "category": [
                "Pants"
            ],
            "subcategory": [
                "jeans"
            ]
        }
    ]
}