{
    "Outfit_Gender": "female",
    "Outfit_Occasion": "Sports",
    "Outfit_Style": "Simple",
    "Items": [
        {
            "Image": "10241_9712_11325038451.jpg",
            "category": [
                "Top"
            ],
            "subcategory": [
                "jacket"
            ]
        },
        {
            "Image": "10241_9717_11288721730.jpg",
            "category": [
                "Pants"
            ],
            "subcategory": [
                "sweatpants"
            ]
        }
    ]
}