{
    "Outfit_Gender": "female",
    "Outfit_Occasion": "Campus",
    "Outfit_Style": "college",
    "Items": [
        {
            "Image": "10244_9710_10268127379.jpg",
            "category": [
                "Top"
            ],
            "subcategory": [
                "sweatshirt"
            ]
        },
        {
            "Image": "10244_9717_25417942135.jpg",
            "category": [
                "Pants"
            ],
            "subcategory": [
                "sweatpants"
            ]
        },
        {
            "Image": "10244_6916_30186673412.jpg",
            "category": [
                "Shoes"
            ],
            "subcategory": [
                "casual shoes"
            ]
        }
    ]
}