{
    "Outfit_Gender": "female",
    "Outfit_Occasion": "Workplace",
    "Outfit_Style": "Elegant",
    "Items": [
        {
            "Image": "10246_9719_31947978012.jpg",
            "category": [
                "Skirt"
            ],
            "subcategory": [
                "suit"
            ]
        },
        {
            "Image": "10246_5257_28688771208.jpg",
            "category": [
                "Bags"
            ],
            "subcategory": [
                "square bag"
            ]
        },
        {
            "Image": "10246_9772_25356655063.jpg",
            "category": [
                "Shoes"
            ],
            "subcategory": [
                "High heels"
            ]
        }
    ]
}