{
    "Outfit_Gender": "female",
    "Outfit_Occasion": "Dating",
    "Outfit_Style": "retro",
    "Items": [
        {
            "Image": "10245_9710_18608583285.jpg",
            "category": [
                "Top"
            ],
            "subcategory": [
                "sweatshirt"
            ]
        },
        {
            "Image": "10245_9717_17798811396.jpg",
            "category": [
                "Pants"
            ],
            "subcategory": [
                "overalls"
            ]
        },
        {
            "Image": "10245_6916_30430492323.jpg",
            "category": [
                "Shoes"
            ],
            "subcategory": [
                "casual shoes"
            ]
        }
    ]
}