{
    "Outfit_Gender": "female",
    "Outfit_Occasion": "Party",
    "Outfit_Style": "Hip-hop",
    "Items": [
        {
            "Image": "10240_1356_32506782178.jpg",
            "category": [
                "Top"
            ],
            "subcategory": [
                "sweater"
            ]
        },
        {
            "Image": "10240_9715_32507188670.jpg",
            "category": [
                "Pants"
            ],
            "subcategory": [
                "jeans"
            ]
        },
        {
            "Image": "10240_6916_30687928983.jpg",
            "category": [
                "Shoes"
            ],
            "subcategory": [
                "casual shoes"
            ]
        }
    ]
}