{
    "Outfit_Gender": "male",
    "Outfit_Occasion": "Travel",
    "Outfit_Style": "college",
    "Items": [
        {
            "Image": "10247_1348_31800199900.jpg",
            "category": [
                "Top"
            ],
            "subcategory": []
        },
        {
            "Image": "10247_9736_31800152637.jpg",
            "category": [
                "Pants"
            ],
            "subcategory": [
                "casual pants"
            ]
        },
        {
            "Image": "10247_6908_23270582081.jpg",
            "category": [
                "Shoes"
            ],
            "subcategory": [
                "sports shoes"
            ]
        }
    ]
}