{
    "Outfit_Gender": "male",
    "Outfit_Occasion": "Dating",
    "Outfit_Style": "Casual",
    "Items": [
        {
            "Image": "10251_1348_30544989656.jpg",
            "category": [
                "Top"
            ],
            "subcategory": []
        },
        {
            "Image": "10251_9736_31821279369.jpg",
            "category": [
                "Pants"
            ],
            "subcategory": [
                "casual pants"
            ]
        }
    ]
}