{
    "Outfit_Gender": "male",
    "Outfit_Occasion": "Travel",
    "Outfit_Style": "Simple",
    "Items": [
        {
            "Image": "10254_1348_30544989661.jpg",
            "category": [
                "Top"
            ],
            "subcategory": []
        },
        {
            "Image": "10254_9736_30907107780.jpg",
            "category": [
                "Pants"
            ],
            "subcategory": [
                "casual pants"
            ]
        }
    ]
}