{
    "Outfit_Gender": "male",
    "Outfit_Occasion": "Travel",
    "Outfit_Style": "Simple",
    "Items": [
        {
            "Image": "10266_9730_31059116437.jpg",
            "category": [
                "Top"
            ],
            "subcategory": [
                "jacket"
            ]
        },
        {
            "Image": "10266_9736_26494690894.jpg",
            "category": [
                "Pants"
            ],
            "subcategory": [
                "casual pants"
            ]
        },
        {
            "Image": "10266_6908_32355134510.jpg",
            "category": [
                "Shoes"
            ],
            "subcategory": [
                "sports shoes"
            ]
        }
    ]
}