{
    "Outfit_Gender": "female",
    "Outfit_Occasion": "Workplace",
    "Outfit_Style": "Elegant",
    "Items": [
        {
            "Image": "10269_9708_31264127289.jpg",
            "category": [
                "Top"
            ],
            "subcategory": [
                "windbreaker"
            ]
        },
        {
            "Image": "10269_9719_30906140243.jpg",
            "category": [
                "Skirt"
            ],
            "subcategory": [
                "dress"
            ]
        },
        {
            "Image": "10269_9772_22469632534.jpg",
            "category": [
                "Shoes"
            ],
            "subcategory": [
                "High heels"
            ]
        }
    ]
}