{
    "Outfit_Gender": "female",
    "Outfit_Occasion": "Workplace",
    "Outfit_Style": "Elegant",
    "Items": [
        {
            "Image": "10263_9719_32449125819.jpg",
            "category": [
                "Skirt"
            ],
            "subcategory": [
                "suit"
            ]
        },
        {
            "Image": "10263_5259_32149987186.jpg",
            "category": [
                "Bags"
            ],
            "subcategory": [
                "Tote bag"
            ]
        },
        {
            "Image": "10263_9772_30688740020.jpg",
            "category": [
                "Shoes"
            ],
            "subcategory": [
                "High heels"
            ]
        }
    ]
}