{
    "Outfit_Gender": "female",
    "Outfit_Occasion": "Travel",
    "Outfit_Style": "Casual",
    "Items": [
        {
            "Image": "10260_3983_31863151905.jpg",
            "category": [
                "Top"
            ],
            "subcategory": [
                "down jacket"
            ]
        },
        {
            "Image": "10260_1355_31005173867.jpg",
            "category": [
                "Top"
            ],
            "subcategory": [
                "T-shirt"
            ]
        },
        {
            "Image": "10260_9720_30536140931.jpg",
            "category": [
                "Skirt"
            ],
            "subcategory": [
                "skirt"
            ]
        }
    ]
}