{
    "Outfit_Gender": "female",
    "Outfit_Occasion": "Workplace",
    "Outfit_Style": "Simple",
    "Items": [
        {
            "Image": "10267_1356_31262308719.jpg",
            "category": [
                "Top"
            ],
            "subcategory": [
                "sweater"
            ]
        },
        {
            "Image": "10267_9717_31258511601.jpg",
            "category": [
                "Pants"
            ],
            "subcategory": [
                "casual pants"
            ]
        },
        {
            "Image": "10267_6916_32116913393.jpg",
            "category": [
                "Shoes"
            ],
            "subcategory": [
                "loafers"
            ]
        }
    ]
}