{
    "Outfit_Gender": "male",
    "Outfit_Occasion": "Workplace",
    "Outfit_Style": "Business",
    "Items": [
        {
            "Image": "10271_1348_30577404146.jpg",
            "category": [
                "Top"
            ],
            "subcategory": []
        },
        {
            "Image": "10271_9736_26477519890.jpg",
            "category": [
                "Pants"
            ],
            "subcategory": [
                "casual pants"
            ]
        }
    ]
}