{
    "Outfit_Gender": "female",
    "Outfit_Occasion": "Wedding",
    "Outfit_Style": "Elegant",
    "Items": [
        {
            "Image": "10278_9719_20516359567.jpg",
            "category": [
                "Skirt"
            ],
            "subcategory": [
                "dress"
            ]
        },
        {
            "Image": "10278_5259_25148389029.jpg",
            "category": [
                "Bags"
            ],
            "subcategory": [
                "Bucket bag"
            ]
        },
        {
            "Image": "10278_9772_30711104596.jpg",
            "category": [
                "Shoes"
            ],
            "subcategory": [
                "High heels"
            ]
        }
    ]
}