{
    "Outfit_Gender": "female",
    "Outfit_Occasion": "Home",
    "Outfit_Style": "Elegant",
    "Items": [
        {
            "Image": "10276_9719_17932087339.jpg",
            "category": [
                "Skirt"
            ],
            "subcategory": [
                "suit"
            ]
        },
        {
            "Image": "10276_5259_28716726582.jpg",
            "category": [
                "Bags"
            ],
            "subcategory": [
                "handbag"
            ]
        },
        {
            "Image": "10276_6914_30389606458.jpg",
            "category": [
                "Shoes"
            ],
            "subcategory": [
                "shoes"
            ]
        }
    ]
}