{
    "Outfit_Gender": "male",
    "Outfit_Occasion": "Workplace",
    "Outfit_Style": "Simple",
    "Items": [
        {
            "Image": "10270_9731_31128071158.jpg",
            "category": [
                "Top"
            ],
            "subcategory": [
                "suits"
            ]
        },
        {
            "Image": "10270_9736_30792570662.jpg",
            "category": [
                "Pants"
            ],
            "subcategory": [
                "dress pants"
            ]
        }
    ]
}