{
    "Outfit_Gender": "female",
    "Outfit_Occasion": "Dating",
    "Outfit_Style": "Elegant",
    "Items": [
        {
            "Image": "10275_9719_11266070086.jpg",
            "category": [
                "Skirt"
            ],
            "subcategory": [
                "dress"
            ]
        },
        {
            "Image": "10275_5259_29308861421.jpg",
            "category": [
                "Bags"
            ],
            "subcategory": [
                "handbag"
            ]
        },
        {
            "Image": "10275_6914_30395101726.jpg",
            "category": [
                "Shoes"
            ],
            "subcategory": [
                "loafers"
            ]
        }
    ]
}