{
    "Outfit_Gender": "female",
    "Outfit_Occasion": "Party",
    "Outfit_Style": "Business",
    "Items": [
        {
            "Image": "10273_9719_14975171679.jpg",
            "category": [
                "Skirt"
            ],
            "subcategory": [
                "dress"
            ]
        },
        {
            "Image": "10273_5259_10135059591.jpg",
            "category": [
                "Bags"
            ],
            "subcategory": [
                "handbag"
            ]
        },
        {
            "Image": "10273_6914_30469978304.jpg",
            "category": [
                "Shoes"
            ],
            "subcategory": [
                "shoes"
            ]
        }
    ]
}