{
    "Outfit_Gender": "female",
    "Outfit_Occasion": "Dating",
    "Outfit_Style": "retro",
    "Items": [
        {
            "Image": "10274_9719_1732538255.jpg",
            "category": [
                "Skirt"
            ],
            "subcategory": [
                "dress"
            ]
        },
        {
            "Image": "10274_5259_26868591038.jpg",
            "category": [
                "Bags"
            ],
            "subcategory": [
                "handbag"
            ]
        },
        {
            "Image": "10274_6914_25439048350.jpg",
            "category": [
                "Shoes"
            ],
            "subcategory": [
                "shoes"
            ]
        }
    ]
}