{
    "Outfit_Gender": "female",
    "Outfit_Occasion": "Dating",
    "Outfit_Style": "sweet",
    "Items": [
        {
            "Image": "10280_9719_20173801315.jpg",
            "category": [
                "Skirt"
            ],
            "subcategory": [
                "suit"
            ]
        },
        {
            "Image": "10280_5259_28826206967.jpg",
            "category": [
                "Bags"
            ],
            "subcategory": [
                "handbag"
            ]
        },
        {
            "Image": "10280_6914_30389317931.jpg",
            "category": [
                "Shoes"
            ],
            "subcategory": [
                "shoes"
            ]
        }
    ]
}