{
    "Outfit_Gender": "unisex",
    "Outfit_Occasion": "Party",
    "Outfit_Style": "Simple",
    "Items": [
        {
            "Image": "10286_9730_22219881960.jpg",
            "category": [
                "Top"
            ],
            "subcategory": [
                "jacket"
            ]
        },
        {
            "Image": "10286_9735_10582450604.jpg",
            "category": [
                "Pants"
            ],
            "subcategory": [
                "jeans"
            ]
        },
        {
            "Image": "10286_6908_18951838228.jpg",
            "category": [
                "Shoes"
            ],
            "subcategory": [
                "casual shoes"
            ]
        }
    ]
}