{
    "Outfit_Gender": "female",
    "Outfit_Occasion": "Workplace",
    "Outfit_Style": "Simple",
    "Items": [
        {
            "Image": "10283_1354_31646026527.jpg",
            "category": [
                "Top"
            ],
            "subcategory": [
                "shirt"
            ]
        },
        {
            "Image": "10283_9715_31183611946.jpg",
            "category": [
                "Pants"
            ],
            "subcategory": [
                "jeans"
            ]
        },
        {
            "Image": "10283_6916_32116913393.jpg",
            "category": [
                "Shoes"
            ],
            "subcategory": [
                "loafers"
            ]
        }
    ]
}