{
    "Outfit_Gender": "female",
    "Outfit_Occasion": "Workplace",
    "Outfit_Style": "Business",
    "Items": [
        {
            "Image": "10292_1354_30794480694.jpg",
            "category": [
                "Top"
            ],
            "subcategory": [
                "shirt"
            ]
        },
        {
            "Image": "10292_9720_32363386105.jpg",
            "category": [
                "Skirt"
            ],
            "subcategory": [
                "skirt"
            ]
        },
        {
            "Image": "10292_9772_30186592065.jpg",
            "category": [
                "Shoes"
            ],
            "subcategory": [
                "High heels"
            ]
        }
    ]
}