{
    "Outfit_Gender": "female",
    "Outfit_Occasion": "Workplace",
    "Outfit_Style": "Business",
    "Items": [
        {
            "Image": "10293_1354_32287432769.jpg",
            "category": [
                "Top"
            ],
            "subcategory": [
                "shirt"
            ]
        },
        {
            "Image": "10293_9717_32289394395.jpg",
            "category": [
                "Pants"
            ],
            "subcategory": [
                "wide-leg pants"
            ]
        },
        {
            "Image": "10293_9772_30186590377.jpg",
            "category": [
                "Shoes"
            ],
            "subcategory": [
                "High heels"
            ]
        }
    ]
}