{
    "Outfit_Gender": "male",
    "Outfit_Occasion": "Sports",
    "Outfit_Style": "Simple",
    "Items": [
        {
            "Image": "10305_12089_12698319279.jpg",
            "category": [
                "Top"
            ],
            "subcategory": [
                "sweaters"
            ]
        },
        {
            "Image": "10305_9736_17875047440.jpg",
            "category": [
                "Pants"
            ],
            "subcategory": [
                "sweatpants"
            ]
        }
    ]
}