{
    "Outfit_Gender": "male",
    "Outfit_Occasion": "Party",
    "Outfit_Style": "retro",
    "Items": [
        {
            "Image": "10303_9730_31679701507.jpg",
            "category": [
                "Top"
            ],
            "subcategory": [
                "windbreaker"
            ]
        },
        {
            "Image": "10303_12003_32289858133.jpg",
            "category": [
                "Pants"
            ],
            "subcategory": [
                "casual pants"
            ]
        },
        {
            "Image": "10303_6908_32355785024.jpg",
            "category": [
                "Shoes"
            ],
            "subcategory": [
                "sports shoes"
            ]
        }
    ]
}