{
    "Outfit_Gender": "male",
    "Outfit_Occasion": "Workplace",
    "Outfit_Style": "Simple",
    "Items": [
        {
            "Image": "10312_9730_32137316664.jpg",
            "category": [
                "Top"
            ],
            "subcategory": [
                "jacket"
            ]
        },
        {
            "Image": "10312_9737_31228800102.jpg",
            "category": [
                "Pants"
            ],
            "subcategory": [
                "casual pants"
            ]
        },
        {
            "Image": "10312_6908_32283356848.jpg",
            "category": [
                "Shoes"
            ],
            "subcategory": [
                "sneakers"
            ]
        }
    ]
}