{
    "Outfit_Gender": "male",
    "Outfit_Occasion": "Campus",
    "Outfit_Style": "college",
    "Items": [
        {
            "Image": "10310_1348_32113554792.jpg",
            "category": [
                "Top"
            ],
            "subcategory": []
        },
        {
            "Image": "10310_12003_32289858133.jpg",
            "category": [
                "Pants"
            ],
            "subcategory": [
                "casual pants"
            ]
        }
    ]
}