{
    "Outfit_Gender": "female",
    "Outfit_Occasion": "Campus",
    "Outfit_Style": "Casual",
    "Items": [
        {
            "Image": "10318_9712_32509139619.jpg",
            "category": [
                "Top"
            ],
            "subcategory": [
                "jacket"
            ]
        },
        {
            "Image": "10318_9720_32508645923.jpg",
            "category": [
                "Skirt"
            ],
            "subcategory": [
                "skirt"
            ]
        },
        {
            "Image": "10318_6916_29041483915.jpg",
            "category": [
                "Shoes"
            ],
            "subcategory": [
                "casual shoes"
            ]
        }
    ]
}