{
    "Outfit_Gender": "female",
    "Outfit_Occasion": "Dating",
    "Outfit_Style": "Artistic",
    "Items": [
        {
            "Image": "10325_9708_31857101637.jpg",
            "category": [
                "Top"
            ],
            "subcategory": [
                "windbreaker"
            ]
        },
        {
            "Image": "10325_11999_31863957291.jpg",
            "category": [
                "Top"
            ],
            "subcategory": [
                "cardigan"
            ]
        },
        {
            "Image": "10325_9717_31543717256.jpg",
            "category": [
                "Pants"
            ],
            "subcategory": [
                "casual pants"
            ]
        }
    ]
}