{
    "Outfit_Gender": "unisex",
    "Outfit_Occasion": "Campus",
    "Outfit_Style": "college",
    "Items": [
        {
            "Image": "10329_9789_29777906711.jpg",
            "category": [
                "Accessories"
            ],
            "subcategory": [
                "Accessories"
            ]
        },
        {
            "Image": "10329_9789_24735862938.jpg",
            "category": [
                "Accessories"
            ],
            "subcategory": [
                "Accessories"
            ]
        }
    ]
}