{
    "Outfit_Gender": "female",
    "Outfit_Occasion": "Dating",
    "Outfit_Style": "Simple",
    "Items": [
        {
            "Image": "10324_3983_31550652540.jpg",
            "category": [
                "Top"
            ],
            "subcategory": [
                "down jacket"
            ]
        },
        {
            "Image": "10324_9710_30682133869.jpg",
            "category": [
                "Top"
            ],
            "subcategory": [
                "sweatshirt"
            ]
        },
        {
            "Image": "10324_9715_30679390079.jpg",
            "category": [
                "Pants"
            ],
            "subcategory": [
                "jeans"
            ]
        }
    ]
}