{
    "Outfit_Gender": "female",
    "Outfit_Occasion": "Dating",
    "Outfit_Style": "Simple",
    "Items": [
        {
            "Image": "10327_9719_31862456324.jpg",
            "category": [
                "Skirt"
            ],
            "subcategory": [
                "dress"
            ]
        },
        {
            "Image": "10327_5259_10107547664.jpg",
            "category": [
                "Bags"
            ],
            "subcategory": [
                "Bucket bag"
            ]
        },
        {
            "Image": "10327_6916_32367452122.jpg",
            "category": [
                "Shoes"
            ],
            "subcategory": [
                "casual shoes"
            ]
        }
    ]
}