{
    "Outfit_Gender": "female",
    "Outfit_Occasion": "Travel",
    "Outfit_Style": "Simple",
    "Items": [
        {
            "Image": "10323_12000_29659954153.jpg",
            "category": [
                "Top"
            ],
            "subcategory": [
                "suit"
            ]
        },
        {
            "Image": "10323_1354_30930566998.jpg",
            "category": [
                "Top"
            ],
            "subcategory": [
                "shirt"
            ]
        },
        {
            "Image": "10323_11999_30930650303.jpg",
            "category": [
                "Top"
            ],
            "subcategory": [
                "sweater"
            ]
        }
    ]
}