{
    "Outfit_Gender": "female",
    "Outfit_Occasion": "Campus",
    "Outfit_Style": "sweet",
    "Items": [
        {
            "Image": "10322_9710_32509176549.jpg",
            "category": [
                "Top"
            ],
            "subcategory": [
                "sweatshirt"
            ]
        },
        {
            "Image": "10322_9720_31632114840.jpg",
            "category": [
                "Skirt"
            ],
            "subcategory": [
                "skirt"
            ]
        },
        {
            "Image": "10322_6916_30454716460.jpg",
            "category": [
                "Shoes"
            ],
            "subcategory": [
                "platform shoes"
            ]
        }
    ]
}