{
    "Outfit_Gender": "female",
    "Outfit_Occasion": "Party",
    "Outfit_Style": "socialite",
    "Items": [
        {
            "Image": "10335_11986_32069965447.jpg",
            "category": [
                "Skirt"
            ],
            "subcategory": [
                "dress"
            ]
        },
        {
            "Image": "10335_9712_32076255315.jpg",
            "category": [
                "Top"
            ],
            "subcategory": [
                "cardigan"
            ]
        }
    ]
}