{
    "Outfit_Gender": "female",
    "Outfit_Occasion": "Home",
    "Outfit_Style": "Simple",
    "Items": [
        {
            "Image": "10332_9712_31861947149.jpg",
            "category": [
                "Top"
            ],
            "subcategory": [
                "jacket"
            ]
        },
        {
            "Image": "10332_9715_31546174376.jpg",
            "category": [
                "Pants"
            ],
            "subcategory": [
                "jeans"
            ]
        },
        {
            "Image": "10332_6916_32361717958.jpg",
            "category": [
                "Shoes"
            ],
            "subcategory": [
                "casual shoes"
            ]
        }
    ]
}