{
    "Outfit_Gender": "female",
    "Outfit_Occasion": "Dating",
    "Outfit_Style": "Girly",
    "Items": [
        {
            "Image": "10340_9712_17352143417.jpg",
            "category": [
                "Top"
            ],
            "subcategory": [
                "jacket"
            ]
        },
        {
            "Image": "10340_9720_18971503008.jpg",
            "category": [
                "Skirt"
            ],
            "subcategory": [
                "skirt"
            ]
        },
        {
            "Image": "10340_6914_30386887554.jpg",
            "category": [
                "Shoes"
            ],
            "subcategory": [
                "shoes"
            ]
        }
    ]
}