{
    "Outfit_Gender": "female",
    "Outfit_Occasion": "Sports",
    "Outfit_Style": "Simple",
    "Items": [
        {
            "Image": "10345_9710_32769484050.jpg",
            "category": [
                "Top"
            ],
            "subcategory": [
                "sweatshirt"
            ]
        },
        {
            "Image": "10345_9717_32769822152.jpg",
            "category": [
                "Pants"
            ],
            "subcategory": [
                "jeans"
            ]
        },
        {
            "Image": "10345_6916_31638735928.jpg",
            "category": [
                "Shoes"
            ],
            "subcategory": [
                "casual shoes"
            ]
        }
    ]
}