{
    "Outfit_Gender": "female",
    "Outfit_Occasion": "Dating",
    "Outfit_Style": "Casual",
    "Items": [
        {
            "Image": "10341_1356_16800613636.jpg",
            "category": [
                "Top"
            ],
            "subcategory": [
                "sweater"
            ]
        },
        {
            "Image": "10341_9717_10941381578.jpg",
            "category": [
                "Pants"
            ],
            "subcategory": [
                "jeans"
            ]
        },
        {
            "Image": "10341_6914_30419982137.jpg",
            "category": [
                "Shoes"
            ],
            "subcategory": [
                "shoes"
            ]
        }
    ]
}