{
    "Outfit_Gender": "female",
    "Outfit_Occasion": "Sports",
    "Outfit_Style": "Sporty",
    "Items": [
        {
            "Image": "10358_9710_32772043793.jpg",
            "category": [
                "Top"
            ],
            "subcategory": [
                "sweatshirt"
            ]
        },
        {
            "Image": "10358_9717_31170003251.jpg",
            "category": [
                "Pants"
            ],
            "subcategory": [
                "casual pants"
            ]
        },
        {
            "Image": "10358_6916_31046806123.jpg",
            "category": [
                "Bags"
            ],
            "subcategory": [
                "casual shoes"
            ]
        }
    ]
}