{
    "Outfit_Gender": "male",
    "Outfit_Occasion": "Travel",
    "Outfit_Style": "Simple",
    "Items": [
        {
            "Image": "10355_1349_31015745209.jpg",
            "category": [
                "Top"
            ],
            "subcategory": [
                "T-shirt"
            ]
        },
        {
            "Image": "10355_9736_31013537953.jpg",
            "category": [
                "Pants"
            ],
            "subcategory": [
                "casual pants"
            ]
        },
        {
            "Image": "10355_6908_32396643532.jpg",
            "category": [
                "Shoes"
            ],
            "subcategory": [
                "sports shoes"
            ]
        }
    ]
}