{
    "Outfit_Gender": "unisex",
    "Outfit_Occasion": "Dating",
    "Outfit_Style": "neutral",
    "Items": [
        {
            "Image": "10354_1350_32205269263.jpg",
            "category": [
                "Top"
            ],
            "subcategory": [
                "sweaters"
            ]
        },
        {
            "Image": "10354_9736_31501949705.jpg",
            "category": [
                "Pants"
            ],
            "subcategory": [
                "sweatpants"
            ]
        },
        {
            "Image": "10354_9736_30646555284.jpg",
            "category": [
                "Pants"
            ],
            "subcategory": [
                "sweatpants"
            ]
        }
    ]
}