{
    "Outfit_Gender": "female",
    "Outfit_Occasion": "Dating",
    "Outfit_Style": "Simple",
    "Items": [
        {
            "Image": "10356_9708_32767617259.jpg",
            "category": [
                "Top"
            ],
            "subcategory": [
                "windbreaker"
            ]
        },
        {
            "Image": "10356_11985_31171306671.jpg",
            "category": [
                "Top"
            ],
            "subcategory": [
                "bottoming shirt"
            ]
        },
        {
            "Image": "10356_9717_30632182545.jpg",
            "category": [
                "Pants"
            ],
            "subcategory": [
                "casual pants"
            ]
        }
    ]
}