{
    "Outfit_Gender": "female",
    "Outfit_Occasion": "Workplace",
    "Outfit_Style": "Business",
    "Items": [
        {
            "Image": "10359_1356_30226804353.jpg",
            "category": [
                "Top"
            ],
            "subcategory": [
                "cardigan"
            ]
        },
        {
            "Image": "10359_9710_30161071176.jpg",
            "category": [
                "Top"
            ],
            "subcategory": [
                "sweatshirt"
            ]
        },
        {
            "Image": "10359_9720_30226800401.jpg",
            "category": [
                "Skirt"
            ],
            "subcategory": [
                "skirt"
            ]
        }
    ]
}