{
    "Outfit_Gender": "male",
    "Outfit_Occasion": "Workplace",
    "Outfit_Style": "British",
    "Items": [
        {
            "Image": "10364_9738_31544560556.jpg",
            "category": [
                "Top"
            ],
            "subcategory": [
                "suits"
            ]
        },
        {
            "Image": "10364_1348_30502694646.jpg",
            "category": [
                "Top"
            ],
            "subcategory": []
        },
        {
            "Image": "10364_6906_31690077107.jpg",
            "category": [
                "Shoes"
            ],
            "subcategory": [
                "formal shoes"
            ]
        }
    ]
}