{
    "Outfit_Gender": "female",
    "Outfit_Occasion": "Dating",
    "Outfit_Style": "Simple",
    "Items": [
        {
            "Image": "10360_1354_32770945334.jpg",
            "category": [
                "Top"
            ],
            "subcategory": [
                "shirt"
            ]
        },
        {
            "Image": "10360_11985_31171306671.jpg",
            "category": [
                "Top"
            ],
            "subcategory": [
                "bottoming shirt"
            ]
        },
        {
            "Image": "10360_9717_32355949368.jpg",
            "category": [
                "Pants"
            ],
            "subcategory": [
                "casual pants"
            ]
        }
    ]
}