{
    "Outfit_Gender": "male",
    "Outfit_Occasion": "Dating",
    "Outfit_Style": "Simple",
    "Items": [
        {
            "Image": "10366_3982_32778529737.jpg",
            "category": [
                "Top"
            ],
            "subcategory": [
                "down jacket"
            ]
        },
        {
            "Image": "10366_1350_32778745660.jpg",
            "category": [
                "Top"
            ],
            "subcategory": [
                "sweaters"
            ]
        },
        {
            "Image": "10366_9735_32778592958.jpg",
            "category": [
                "Pants"
            ],
            "subcategory": [
                "casual pants"
            ]
        }
    ]
}