{
    "Outfit_Gender": "female",
    "Outfit_Occasion": "Dating",
    "Outfit_Style": "fresh",
    "Items": [
        {
            "Image": "10377_1356_30834979763.jpg",
            "category": [
                "Top"
            ],
            "subcategory": [
                "sweater"
            ]
        },
        {
            "Image": "10377_9720_31648818115.jpg",
            "category": [
                "Top"
            ],
            "subcategory": [
                "skirt"
            ]
        },
        {
            "Image": "10377_6917_24147949224.jpg",
            "category": [
                "Shoes"
            ],
            "subcategory": [
                "Sandals"
            ]
        }
    ]
}