{
    "Outfit_Gender": "female",
    "Outfit_Occasion": "Campus",
    "Outfit_Style": "Casual",
    "Items": [
        {
            "Image": "10372_9719_32525184466.jpg",
            "category": [
                "Skirt"
            ],
            "subcategory": [
                "dress"
            ]
        },
        {
            "Image": "10372_9712_32525097217.jpg",
            "category": [
                "Top"
            ],
            "subcategory": [
                "jacket"
            ]
        },
        {
            "Image": "10372_6916_31287811277.jpg",
            "category": [
                "Shoes"
            ],
            "subcategory": [
                "casual shoes"
            ]
        }
    ]
}