{
    "Outfit_Gender": "female",
    "Outfit_Occasion": "Workplace",
    "Outfit_Style": "Elegant",
    "Items": [
        {
            "Image": "10376_9708_30686543737.jpg",
            "category": [
                "Top"
            ],
            "subcategory": [
                "windbreaker"
            ]
        },
        {
            "Image": "10376_9719_30226793548.jpg",
            "category": [
                "Skirt"
            ],
            "subcategory": [
                "dress"
            ]
        },
        {
            "Image": "10376_9772_24437292220.jpg",
            "category": [
                "Shoes"
            ],
            "subcategory": [
                "Sandals"
            ]
        }
    ]
}