{
    "Outfit_Gender": "female",
    "Outfit_Occasion": "Workplace",
    "Outfit_Style": "British",
    "Items": [
        {
            "Image": "10378_9708_31217062360.jpg",
            "category": [
                "Top"
            ],
            "subcategory": [
                "windbreaker"
            ]
        },
        {
            "Image": "10378_9717_30946512835.jpg",
            "category": [
                "Pants"
            ],
            "subcategory": [
                "Bell-bottom pants"
            ]
        },
        {
            "Image": "10378_9772_26435559252.jpg",
            "category": [
                "Shoes"
            ],
            "subcategory": [
                "High heels"
            ]
        }
    ]
}