{
    "Outfit_Gender": "male",
    "Outfit_Occasion": "Workplace",
    "Outfit_Style": "Simple",
    "Items": [
        {
            "Image": "10371_1348_31740750490.jpg",
            "category": [
                "Top"
            ],
            "subcategory": []
        },
        {
            "Image": "10371_9736_32543341021.jpg",
            "category": [
                "Pants"
            ],
            "subcategory": [
                "casual pants"
            ]
        },
        {
            "Image": "10371_6906_30411727231.jpg",
            "category": [
                "Shoes"
            ],
            "subcategory": [
                "formal shoes"
            ]
        }
    ]
}