{
    "Outfit_Gender": "male",
    "Outfit_Occasion": "Dating",
    "Outfit_Style": "Casual",
    "Items": [
        {
            "Image": "10370_9732_32582290536.jpg",
            "category": [
                "Top"
            ],
            "subcategory": [
                "sweatshirt"
            ]
        },
        {
            "Image": "10370_9735_32582328903.jpg",
            "category": [
                "Pants"
            ],
            "subcategory": [
                "jeans"
            ]
        },
        {
            "Image": "10370_6908_32283356848.jpg",
            "category": [
                "Shoes"
            ],
            "subcategory": [
                "sneakers"
            ]
        }
    ]
}