{
    "Outfit_Gender": "female",
    "Outfit_Occasion": "Dating",
    "Outfit_Style": "sweet",
    "Items": [
        {
            "Image": "10389_1356_32499005210.jpg",
            "category": [
                "Top"
            ],
            "subcategory": [
                "sweater"
            ]
        },
        {
            "Image": "10389_9719_32498971587.jpg",
            "category": [
                "Skirt"
            ],
            "subcategory": [
                "dress"
            ]
        }
    ]
}