{
    "Outfit_Gender": "female",
    "Outfit_Occasion": "Dating",
    "Outfit_Style": "Casual",
    "Items": [
        {
            "Image": "10394_1356_32518796225.jpg",
            "category": [
                "Top"
            ],
            "subcategory": [
                "sweater"
            ]
        },
        {
            "Image": "10394_9715_32499087046.jpg",
            "category": [
                "Pants"
            ],
            "subcategory": [
                "casual pants"
            ]
        },
        {
            "Image": "10394_6916_31001592845.jpg",
            "category": [
                "Shoes"
            ],
            "subcategory": [
                "casual shoes"
            ]
        }
    ]
}