{
    "Outfit_Gender": "female",
    "Outfit_Occasion": "Home",
    "Outfit_Style": "sweet",
    "Items": [
        {
            "Image": "10399_1356_32562009829.jpg",
            "category": [
                "Top"
            ],
            "subcategory": [
                "sweater"
            ]
        },
        {
            "Image": "10399_9717_31905758625.jpg",
            "category": [
                "Pants"
            ],
            "subcategory": [
                "casual pants"
            ]
        }
    ]
}