{
    "Outfit_Gender": "female",
    "Outfit_Occasion": "Travel",
    "Outfit_Style": "sweet",
    "Items": [
        {
            "Image": "10397_1356_30284461456.jpg",
            "category": [
                "Top"
            ],
            "subcategory": [
                "sweater"
            ]
        },
        {
            "Image": "10397_9720_31451652893.jpg",
            "category": [
                "Skirt"
            ],
            "subcategory": [
                "skirt"
            ]
        },
        {
            "Image": "10397_6916_30680436309.jpg",
            "category": [
                "Shoes"
            ],
            "subcategory": [
                "casual shoes"
            ]
        }
    ]
}