{
    "Outfit_Gender": "male",
    "Outfit_Occasion": "Travel",
    "Outfit_Style": "retro",
    "Items": [
        {
            "Image": "10398_9729_32242777191.jpg",
            "category": [
                "Top"
            ],
            "subcategory": [
                "coat"
            ]
        },
        {
            "Image": "10398_1348_30503747192.jpg",
            "category": [
                "Top"
            ],
            "subcategory": []
        },
        {
            "Image": "10398_9735_27699455100.jpg",
            "category": [
                "Pants"
            ],
            "subcategory": [
                "jeans"
            ]
        }
    ]
}