{
    "Outfit_Gender": "male",
    "Outfit_Occasion": "Dating",
    "Outfit_Style": "Simple",
    "Items": [
        {
            "Image": "10405_9734_32571212753.jpg",
            "category": [
                "Top"
            ],
            "subcategory": [
                "vests"
            ]
        },
        {
            "Image": "10405_9732_32574018697.jpg",
            "category": [
                "Top"
            ],
            "subcategory": [
                "sweatshirt"
            ]
        },
        {
            "Image": "10405_9735_32571248698.jpg",
            "category": [
                "Pants"
            ],
            "subcategory": [
                "casual pants"
            ]
        }
    ]
}