{
    "Outfit_Gender": "female",
    "Outfit_Occasion": "Workplace",
    "Outfit_Style": "sweet",
    "Items": [
        {
            "Image": "10404_9713_31905761536.jpg",
            "category": [
                "Top"
            ],
            "subcategory": [
                "bottoming shirt"
            ]
        },
        {
            "Image": "10404_9720_30903819081.jpg",
            "category": [
                "Skirt"
            ],
            "subcategory": [
                "skirt"
            ]
        },
        {
            "Image": "10404_9772_25567537352.jpg",
            "category": [
                "Shoes"
            ],
            "subcategory": [
                "shoes"
            ]
        }
    ]
}