{
    "Outfit_Gender": "male",
    "Outfit_Occasion": "Workplace",
    "Outfit_Style": "Western",
    "Items": [
        {
            "Image": "10409_9729_31462709818.jpg",
            "category": [
                "Top"
            ],
            "subcategory": [
                "jacket"
            ]
        },
        {
            "Image": "10409_1348_27699475048.jpg",
            "category": [
                "Top"
            ],
            "subcategory": []
        },
        {
            "Image": "10409_9736_28365310523.jpg",
            "category": [
                "Pants"
            ],
            "subcategory": [
                "casual pants"
            ]
        }
    ]
}