{
    "Outfit_Gender": "female",
    "Outfit_Occasion": "Home",
    "Outfit_Style": "sweet",
    "Items": [
        {
            "Image": "10400_9705_32561733301.jpg",
            "category": [
                "Top"
            ],
            "subcategory": [
                "down jacket"
            ]
        },
        {
            "Image": "10400_1356_32562009829.jpg",
            "category": [
                "Top"
            ],
            "subcategory": [
                "sweater"
            ]
        },
        {
            "Image": "10400_9720_31905752135.jpg",
            "category": [
                "Skirt"
            ],
            "subcategory": [
                "skirt"
            ]
        }
    ]
}