{
    "Outfit_Gender": "male",
    "Outfit_Occasion": "Dating",
    "Outfit_Style": "Simple",
    "Items": [
        {
            "Image": "10403_9730_32581977894.jpg",
            "category": [
                "Top"
            ],
            "subcategory": [
                "jacket"
            ]
        },
        {
            "Image": "10403_9735_32582328903.jpg",
            "category": [
                "Pants"
            ],
            "subcategory": [
                "jeans"
            ]
        },
        {
            "Image": "10403_6908_32250519872.jpg",
            "category": [
                "Shoes"
            ],
            "subcategory": [
                "sports shoes"
            ]
        }
    ]
}