{
    "Outfit_Gender": "male",
    "Outfit_Occasion": "Campus",
    "Outfit_Style": "college",
    "Items": [
        {
            "Image": "10408_9732_31800166325.jpg",
            "category": [
                "Top"
            ],
            "subcategory": [
                "sweatshirt"
            ]
        },
        {
            "Image": "10408_9736_31800158890.jpg",
            "category": [
                "Pants"
            ],
            "subcategory": [
                "casual pants"
            ]
        },
        {
            "Image": "10408_6908_29012369766.jpg",
            "category": [
                "Shoes"
            ],
            "subcategory": [
                "sneakers"
            ]
        }
    ]
}