{
    "Outfit_Gender": "female",
    "Outfit_Occasion": "Workplace",
    "Outfit_Style": "Elegant",
    "Items": [
        {
            "Image": "10416_9719_32448933016.jpg",
            "category": [
                "Skirt"
            ],
            "subcategory": [
                "dress"
            ]
        },
        {
            "Image": "10416_5259_32149987186.jpg",
            "category": [
                "Bags"
            ],
            "subcategory": [
                "Tote bag"
            ]
        },
        {
            "Image": "10416_9772_24614335454.jpg",
            "category": [
                "Shoes"
            ],
            "subcategory": [
                "High heels"
            ]
        }
    ]
}