{
    "Outfit_Gender": "male",
    "Outfit_Occasion": "Campus",
    "Outfit_Style": "college",
    "Items": [
        {
            "Image": "10415_9728_27433345590.jpg",
            "category": [
                "Top"
            ],
            "subcategory": [
                "windbreaker"
            ]
        },
        {
            "Image": "10415_9732_32426630893.jpg",
            "category": [
                "Top"
            ],
            "subcategory": [
                "sweatshirt"
            ]
        },
        {
            "Image": "10415_9736_30801719312.jpg",
            "category": [
                "Pants"
            ],
            "subcategory": [
                "casual pants"
            ]
        }
    ]
}