{
    "Outfit_Gender": "male",
    "Outfit_Occasion": "Wedding",
    "Outfit_Style": "Japanese",
    "Items": [
        {
            "Image": "10413_9729_31978289165.jpg",
            "category": [
                "Top"
            ],
            "subcategory": [
                "coat"
            ]
        },
        {
            "Image": "10413_1350_32966789198.jpg",
            "category": [
                "Top"
            ],
            "subcategory": [
                "sweaters"
            ]
        },
        {
            "Image": "10413_9735_27699455100.jpg",
            "category": [
                "Pants"
            ],
            "subcategory": [
                "jeans"
            ]
        }
    ]
}