{
    "Outfit_Gender": "male",
    "Outfit_Occasion": "Party",
    "Outfit_Style": "Motorcycle",
    "Items": [
        {
            "Image": "10419_9725_32151868131.jpg",
            "category": [
                "Top"
            ],
            "subcategory": [
                "jacket"
            ]
        },
        {
            "Image": "10419_1349_30837341058.jpg",
            "category": [
                "Top"
            ],
            "subcategory": [
                "T-shirt"
            ]
        },
        {
            "Image": "10419_9735_32251147730.jpg",
            "category": [
                "Pants"
            ],
            "subcategory": [
                "jeans"
            ]
        }
    ]
}