{
    "Outfit_Gender": "female",
    "Outfit_Occasion": "Dating",
    "Outfit_Style": "retro",
    "Items": [
        {
            "Image": "10422_9706_31501516425.jpg",
            "category": [
                "Top"
            ],
            "subcategory": [
                "jacket"
            ]
        },
        {
            "Image": "10422_9710_30906574077.jpg",
            "category": [
                "Top"
            ],
            "subcategory": [
                "sweatshirt"
            ]
        },
        {
            "Image": "10422_11991_30529299020.jpg",
            "category": [
                "Pants"
            ],
            "subcategory": [
                "casual pants"
            ]
        }
    ]
}