{
    "Outfit_Gender": "female",
    "Outfit_Occasion": "Travel",
    "Outfit_Style": "college",
    "Items": [
        {
            "Image": "10420_9712_32839486633.jpg",
            "category": [
                "Top"
            ],
            "subcategory": [
                "jacket"
            ]
        },
        {
            "Image": "10420_9715_32783274896.jpg",
            "category": [
                "Pants"
            ],
            "subcategory": [
                "jeans"
            ]
        }
    ]
}