{
    "Outfit_Gender": "female",
    "Outfit_Occasion": "Party",
    "Outfit_Style": "frigid",
    "Items": [
        {
            "Image": "10423_1356_32896545877.jpg",
            "category": [
                "Top"
            ],
            "subcategory": [
                "sweater"
            ]
        },
        {
            "Image": "10423_9717_31043633777.jpg",
            "category": [
                "Pants"
            ],
            "subcategory": [
                "casual pants"
            ]
        }
    ]
}