{
    "Outfit_Gender": "female",
    "Outfit_Occasion": "Workplace",
    "Outfit_Style": "Simple",
    "Items": [
        {
            "Image": "10424_9708_31217039757.jpg",
            "category": [
                "Top"
            ],
            "subcategory": [
                "vest"
            ]
        },
        {
            "Image": "10424_1354_30642080180.jpg",
            "category": [
                "Top"
            ],
            "subcategory": [
                "shirt"
            ]
        },
        {
            "Image": "10424_9717_31217053106.jpg",
            "category": [
                "Pants"
            ],
            "subcategory": [
                "casual pants"
            ]
        }
    ]
}