{
    "Outfit_Gender": "male",
    "Outfit_Occasion": "Workplace",
    "Outfit_Style": "fresh",
    "Items": [
        {
            "Image": "10425_9732_32169971098.jpg",
            "category": [
                "Top"
            ],
            "subcategory": [
                "sweatshirt"
            ]
        },
        {
            "Image": "10425_9735_19688792912.jpg",
            "category": [
                "Pants"
            ],
            "subcategory": [
                "jeans"
            ]
        }
    ]
}