{
    "Outfit_Gender": "male",
    "Outfit_Occasion": "Home",
    "Outfit_Style": "Simple",
    "Items": [
        {
            "Image": "10429_9732_32175297814.jpg",
            "category": [
                "Top"
            ],
            "subcategory": [
                "sweatshirt"
            ]
        },
        {
            "Image": "10429_9736_28003530869.jpg",
            "category": [
                "Pants"
            ],
            "subcategory": [
                "casual pants"
            ]
        }
    ]
}