{
    "Outfit_Gender": "male",
    "Outfit_Occasion": "Sports",
    "Outfit_Style": "Hip-hop",
    "Items": [
        {
            "Image": "10435_9728_31888774598.jpg",
            "category": [
                "Top"
            ],
            "subcategory": [
                "windbreaker"
            ]
        },
        {
            "Image": "10435_1350_32194912760.jpg",
            "category": [
                "Top"
            ],
            "subcategory": [
                "sweaters"
            ]
        },
        {
            "Image": "10435_9736_31888800314.jpg",
            "category": [
                "Pants"
            ],
            "subcategory": [
                "casual pants"
            ]
        }
    ]
}