{
    "Outfit_Gender": "female",
    "Outfit_Occasion": "Dating",
    "Outfit_Style": "retro",
    "Items": [
        {
            "Image": "10436_9719_32508699569.jpg",
            "category": [
                "Skirt"
            ],
            "subcategory": [
                "dress"
            ]
        },
        {
            "Image": "10436_5257_32240073562.jpg",
            "category": [
                "Bags"
            ],
            "subcategory": [
                "chain bag"
            ]
        },
        {
            "Image": "10436_9776_32240240774.jpg",
            "category": [
                "Shoes"
            ],
            "subcategory": [
                "boots"
            ]
        }
    ]
}