{
    "Outfit_Gender": "male",
    "Outfit_Occasion": "Dating",
    "Outfit_Style": "Sporty",
    "Items": [
        {
            "Image": "10434_9728_31888824030.jpg",
            "category": [
                "Top"
            ],
            "subcategory": [
                "windbreaker"
            ]
        },
        {
            "Image": "10434_1348_32059491760.jpg",
            "category": [
                "Top"
            ],
            "subcategory": []
        },
        {
            "Image": "10434_9736_32101681094.jpg",
            "category": [
                "Pants"
            ],
            "subcategory": [
                "casual pants"
            ]
        }
    ]
}