{
    "Outfit_Gender": "male",
    "Outfit_Occasion": "Workplace",
    "Outfit_Style": "Simple",
    "Items": [
        {
            "Image": "10443_9731_32459424110.jpg",
            "category": [
                "Top"
            ],
            "subcategory": [
                "jacket"
            ]
        },
        {
            "Image": "10443_1348_29983312306.jpg",
            "category": [
                "Top"
            ],
            "subcategory": []
        },
        {
            "Image": "10443_12089_31938347382.jpg",
            "category": [
                "Top"
            ],
            "subcategory": [
                "sweaters"
            ]
        }
    ]
}