{
    "Outfit_Gender": "male",
    "Outfit_Occasion": "Workplace",
    "Outfit_Style": "Simple",
    "Items": [
        {
            "Image": "10442_9729_32768573170.jpg",
            "category": [
                "Top"
            ],
            "subcategory": [
                "coat"
            ]
        },
        {
            "Image": "10442_1348_29096968925.jpg",
            "category": [
                "Top"
            ],
            "subcategory": []
        }
    ]
}