{
    "Outfit_Gender": "male",
    "Outfit_Occasion": "Dating",
    "Outfit_Style": "Casual",
    "Items": [
        {
            "Image": "10445_1349_31489992488.jpg",
            "category": [
                "Top"
            ],
            "subcategory": [
                "T-shirt"
            ]
        },
        {
            "Image": "10445_9736_30934163502.jpg",
            "category": [
                "Pants"
            ],
            "subcategory": [
                "casual pants"
            ]
        },
        {
            "Image": "10445_6908_30397765706.jpg",
            "category": [
                "Shoes"
            ],
            "subcategory": [
                "casual shoes"
            ]
        }
    ]
}