{
    "Outfit_Gender": "female",
    "Outfit_Occasion": "Party",
    "Outfit_Style": "British",
    "Items": [
        {
            "Image": "10444_9706_32399525617.jpg",
            "category": [
                "Top"
            ],
            "subcategory": [
                "windbreaker"
            ]
        },
        {
            "Image": "10444_11999_32064627713.jpg",
            "category": [
                "Top"
            ],
            "subcategory": [
                "sweater"
            ]
        },
        {
            "Image": "10444_9717_33208703585.jpg",
            "category": [
                "Pants"
            ],
            "subcategory": [
                "casual pants"
            ]
        }
    ]
}