{
    "Outfit_Gender": "female",
    "Outfit_Occasion": "Dating",
    "Outfit_Style": "fresh",
    "Items": [
        {
            "Image": "10455_9713_31058929419.jpg",
            "category": [
                "Top"
            ],
            "subcategory": [
                "chiffon shirt"
            ]
        },
        {
            "Image": "10455_9715_31059149228.jpg",
            "category": [
                "Pants"
            ],
            "subcategory": [
                "jeans"
            ]
        },
        {
            "Image": "10455_9772_22061220270.jpg",
            "category": [
                "Shoes"
            ],
            "subcategory": [
                "High heels"
            ]
        }
    ]
}