{
    "Outfit_Gender": "female",
    "Outfit_Occasion": "Dating",
    "Outfit_Style": "Sexy",
    "Items": [
        {
            "Image": "10453_9713_31058967255.jpg",
            "category": [
                "Top"
            ],
            "subcategory": [
                "chiffon shirt"
            ]
        },
        {
            "Image": "10453_9720_32363370253.jpg",
            "category": [
                "Skirt"
            ],
            "subcategory": [
                "skirt"
            ]
        },
        {
            "Image": "10453_9772_24673569342.jpg",
            "category": [
                "Shoes"
            ],
            "subcategory": [
                "High heels"
            ]
        }
    ]
}