{
    "Outfit_Gender": "female",
    "Outfit_Occasion": "Workplace",
    "Outfit_Style": "Elegant",
    "Items": [
        {
            "Image": "10456_9713_31058903510.jpg",
            "category": [
                "Top"
            ],
            "subcategory": [
                "shirt"
            ]
        },
        {
            "Image": "10456_9715_31252826456.jpg",
            "category": [
                "Skirt"
            ],
            "subcategory": [
                "jeans"
            ]
        },
        {
            "Image": "10456_9772_24680782468.jpg",
            "category": [
                "Shoes"
            ],
            "subcategory": [
                "High heels"
            ]
        }
    ]
}