{
    "Outfit_Gender": "female",
    "Outfit_Occasion": "Workplace",
    "Outfit_Style": "Elegant",
    "Items": [
        {
            "Image": "10452_1354_29765332784.jpg",
            "category": [
                "Top"
            ],
            "subcategory": [
                "shirt"
            ]
        },
        {
            "Image": "10452_9720_29765335677.jpg",
            "category": [
                "Skirt"
            ],
            "subcategory": [
                "dress"
            ]
        }
    ]
}