{
    "Outfit_Gender": "female",
    "Outfit_Occasion": "Sports",
    "Outfit_Style": "Casual",
    "Items": [
        {
            "Image": "10454_9712_32844034712.jpg",
            "category": [
                "Top"
            ],
            "subcategory": [
                "suit"
            ]
        },
        {
            "Image": "10454_5259_32159838794.jpg",
            "category": [
                "Bags"
            ],
            "subcategory": [
                "Tote bag"
            ]
        },
        {
            "Image": "10454_6916_30453851548.jpg",
            "category": [
                "Shoes"
            ],
            "subcategory": [
                "casual shoes"
            ]
        }
    ]
}