{
    "Outfit_Gender": "female",
    "Outfit_Occasion": "Workplace",
    "Outfit_Style": "Business",
    "Items": [
        {
            "Image": "10465_11999_32157961172.jpg",
            "category": [
                "Top"
            ],
            "subcategory": [
                "sweater"
            ]
        },
        {
            "Image": "10465_9717_31852789886.jpg",
            "category": [
                "Pants"
            ],
            "subcategory": [
                "casual pants"
            ]
        },
        {
            "Image": "10465_6916_29492305943.jpg",
            "category": [
                "Shoes"
            ],
            "subcategory": [
                "casual shoes"
            ]
        }
    ]
}