{
    "Outfit_Gender": "male",
    "Outfit_Occasion": "Home",
    "Outfit_Style": "Casual",
    "Items": [
        {
            "Image": "10461_9732_30751677626.jpg",
            "category": [
                "Top"
            ],
            "subcategory": [
                "sweatshirt"
            ]
        },
        {
            "Image": "10461_9735_31865777474.jpg",
            "category": [
                "Pants"
            ],
            "subcategory": [
                "jeans"
            ]
        },
        {
            "Image": "10461_6908_32284136559.jpg",
            "category": [
                "Shoes"
            ],
            "subcategory": [
                "casual shoes"
            ]
        }
    ]
}