{
    "Outfit_Gender": "female",
    "Outfit_Occasion": "Sports",
    "Outfit_Style": "Simple",
    "Items": [
        {
            "Image": "10474_9712_32769520430.jpg",
            "category": [
                "Top"
            ],
            "subcategory": [
                "sweatshirt"
            ]
        },
        {
            "Image": "10474_9717_32792607703.jpg",
            "category": [
                "Pants"
            ],
            "subcategory": [
                "casual pants"
            ]
        },
        {
            "Image": "10474_6916_29703931158.jpg",
            "category": [
                "Shoes"
            ],
            "subcategory": [
                "loafers"
            ]
        }
    ]
}