{
    "Outfit_Gender": "male",
    "Outfit_Occasion": "Workplace",
    "Outfit_Style": "Business",
    "Items": [
        {
            "Image": "10482_9733_32788563898.jpg",
            "category": [
                "Top"
            ],
            "subcategory": [
                "polo shirts"
            ]
        },
        {
            "Image": "10482_9735_29352787928.jpg",
            "category": [
                "Pants"
            ],
            "subcategory": [
                "jeans"
            ]
        }
    ]
}