{
    "Outfit_Gender": "female",
    "Outfit_Occasion": "Dating",
    "Outfit_Style": "Casual",
    "Items": [
        {
            "Image": "10483_1356_32853595338.jpg",
            "category": [
                "Top"
            ],
            "subcategory": [
                "bottoming shirt"
            ]
        },
        {
            "Image": "10483_9720_32206206443.jpg",
            "category": [
                "Skirt"
            ],
            "subcategory": [
                "skirt"
            ]
        },
        {
            "Image": "10483_6914_30582677117.jpg",
            "category": [
                "Shoes"
            ],
            "subcategory": [
                "shoes"
            ]
        }
    ]
}