{
    "Outfit_Gender": "female",
    "Outfit_Occasion": "Dating",
    "Outfit_Style": "Elegant",
    "Items": [
        {
            "Image": "10489_1356_32896541965.jpg",
            "category": [
                "Top"
            ],
            "subcategory": [
                "vest"
            ]
        },
        {
            "Image": "10489_9720_32896443171.jpg",
            "category": [
                "Skirt"
            ],
            "subcategory": [
                "skirt"
            ]
        },
        {
            "Image": "10489_6916_31579924530.jpg",
            "category": [
                "Shoes"
            ],
            "subcategory": [
                "casual shoes"
            ]
        }
    ]
}