{
    "Outfit_Gender": "female",
    "Outfit_Occasion": "Workplace",
    "Outfit_Style": "Casual",
    "Items": [
        {
            "Image": "10488_9712_33052328926.jpg",
            "category": [
                "Top"
            ],
            "subcategory": [
                "jacket"
            ]
        },
        {
            "Image": "10488_1356_31843960796.jpg",
            "category": [
                "Top"
            ],
            "subcategory": [
                "sweater"
            ]
        },
        {
            "Image": "10488_9717_32214642925.jpg",
            "category": [
                "Skirt"
            ],
            "subcategory": [
                "casual pants"
            ]
        }
    ]
}