{
    "Outfit_Gender": "female",
    "Outfit_Occasion": "Dating",
    "Outfit_Style": "sweet",
    "Items": [
        {
            "Image": "10494_9719_33006631745.jpg",
            "category": [
                "Top"
            ],
            "subcategory": [
                "dress"
            ]
        },
        {
            "Image": "10494_5259_25283490534.jpg",
            "category": [
                "Bags"
            ],
            "subcategory": [
                "handbag"
            ]
        },
        {
            "Image": "10494_6914_30637929242.jpg",
            "category": [
                "Shoes"
            ],
            "subcategory": [
                "shoes"
            ]
        }
    ]
}