{
    "Outfit_Gender": "male",
    "Outfit_Occasion": "Travel",
    "Outfit_Style": "Simple",
    "Items": [
        {
            "Image": "10493_9732_32412995450.jpg",
            "category": [
                "Top"
            ],
            "subcategory": [
                "sweatshirt"
            ]
        },
        {
            "Image": "10493_9736_22618817015.jpg",
            "category": [
                "Pants"
            ],
            "subcategory": [
                "sweatpants"
            ]
        },
        {
            "Image": "10493_6908_32245091371.jpg",
            "category": [
                "Shoes"
            ],
            "subcategory": [
                "sports shoes"
            ]
        }
    ]
}