{
    "Outfit_Gender": "female",
    "Outfit_Occasion": "Travel",
    "Outfit_Style": "Simple",
    "Items": [
        {
            "Image": "10499_9713_29962490877.jpg",
            "category": [
                "Top"
            ],
            "subcategory": [
                "chiffon shirt"
            ]
        },
        {
            "Image": "10499_9717_29964989042.jpg",
            "category": [
                "Pants"
            ],
            "subcategory": [
                "casual pants"
            ]
        },
        {
            "Image": "10499_9772_30432457442.jpg",
            "category": [
                "Shoes"
            ],
            "subcategory": [
                "High heels"
            ]
        }
    ]
}