{
    "Outfit_Gender": "male",
    "Outfit_Occasion": "Campus",
    "Outfit_Style": "college",
    "Items": [
        {
            "Image": "10490_9732_32212058116.jpg",
            "category": [
                "Top"
            ],
            "subcategory": [
                "sweatshirt"
            ]
        },
        {
            "Image": "10490_9736_22618817015.jpg",
            "category": [
                "Pants"
            ],
            "subcategory": [
                "sweatpants"
            ]
        },
        {
            "Image": "10490_6908_29354229815.jpg",
            "category": [
                "Shoes"
            ],
            "subcategory": [
                "casual shoes"
            ]
        }
    ]
}