{
    "Outfit_Gender": "unisex",
    "Outfit_Occasion": "Campus",
    "Outfit_Style": "Hip-hop",
    "Items": [
        {
            "Image": "10503_9730_32374119380.jpg",
            "category": [
                "Top"
            ],
            "subcategory": [
                "jacket"
            ]
        },
        {
            "Image": "10503_9736_31948270329.jpg",
            "category": [
                "Pants"
            ],
            "subcategory": [
                "casual pants"
            ]
        }
    ]
}