{
    "Outfit_Gender": "male",
    "Outfit_Occasion": "Home",
    "Outfit_Style": "Casual",
    "Items": [
        {
            "Image": "10509_12089_29956507985.jpg",
            "category": [
                "Top"
            ],
            "subcategory": [
                "sweaters"
            ]
        },
        {
            "Image": "10509_9735_29709094705.jpg",
            "category": [
                "Pants"
            ],
            "subcategory": [
                "jeans"
            ]
        },
        {
            "Image": "10509_6908_29031110718.jpg",
            "category": [
                "Shoes"
            ],
            "subcategory": [
                "casual shoes"
            ]
        }
    ]
}