{
    "Outfit_Gender": "male",
    "Outfit_Occasion": "Workplace",
    "Outfit_Style": "Simple",
    "Items": [
        {
            "Image": "10505_1350_30505730778.jpg",
            "category": [
                "Top"
            ],
            "subcategory": [
                "sweaters"
            ]
        },
        {
            "Image": "10505_9735_31551814281.jpg",
            "category": [
                "Pants"
            ],
            "subcategory": [
                "jeans"
            ]
        },
        {
            "Image": "10505_6908_29636838942.jpg",
            "category": [
                "Shoes"
            ],
            "subcategory": [
                "sneakers"
            ]
        }
    ]
}