{
    "Outfit_Gender": "male",
    "Outfit_Occasion": "Party",
    "Outfit_Style": "Simple",
    "Items": [
        {
            "Image": "10508_1350_30507591899.jpg",
            "category": [
                "Top"
            ],
            "subcategory": [
                "sweaters"
            ]
        },
        {
            "Image": "10508_9736_31840518776.jpg",
            "category": [
                "Pants"
            ],
            "subcategory": [
                "casual pants"
            ]
        }
    ]
}