{
    "Outfit_Gender": "female",
    "Outfit_Occasion": "Dating",
    "Outfit_Style": "sweet",
    "Items": [
        {
            "Image": "10501_9710_18715377832.jpg",
            "category": [
                "Skirt"
            ],
            "subcategory": [
                "suit"
            ]
        },
        {
            "Image": "10501_5259_30157926421.jpg",
            "category": [
                "Bags"
            ],
            "subcategory": [
                "handbag"
            ]
        },
        {
            "Image": "10501_6916_30648399207.jpg",
            "category": [
                "Shoes"
            ],
            "subcategory": [
                "casual shoes"
            ]
        }
    ]
}